[
    {
        "model": "admin_interface.theme",
        "pk": 1,
        "fields": {
            "name": "Django",
            "active": true,
            "title": "Django administration",
            "title_color": "#F5DD5D",
            "title_visible": true,
            "logo": "",
            "logo_color": "#FFFFFF",
            "logo_max_width": 400,
            "logo_max_height": 100,
            "logo_visible": true,
            "favicon": "",
            "env_name": "",
            "env_color": "#E74C3C",
            "env_visible_in_header": true,
            "env_visible_in_favicon": true,
            "language_chooser_active": true,
            "language_chooser_control": "default-select",
            "language_chooser_display": "code",
            "css_header_background_color": "#A8AB14",
            "css_header_text_color": "#0D2B44",
            "css_header_link_color": "#FFFFFF",
            "css_header_link_hover_color": "#C9F0DD",
            "css_module_background_color": "#44B78B",
            "css_module_background_selected_color": "#FFFFCC",
            "css_module_text_color": "#FFFFFF",
            "css_module_link_color": "#FFFFFF",
            "css_module_link_selected_color": "#FFFFFF",
            "css_module_link_hover_color": "#C9F0DD",
            "css_module_rounded_corners": true,
            "css_generic_link_color": "#0C3C26",
            "css_generic_link_hover_color": "#156641",
            "css_generic_link_active_color": "#29B864",
            "css_save_button_background_color": "#0C4B33",
            "css_save_button_background_hover_color": "#0C3C26",
            "css_save_button_text_color": "#FFFFFF",
            "css_delete_button_background_color": "#BA2121",
            "css_delete_button_background_hover_color": "#A41515",
            "css_delete_button_text_color": "#FFFFFF",
            "related_modal_active": true,
            "related_modal_background_color": "#000000",
            "related_modal_background_opacity": "0.3",
            "related_modal_rounded_corners": true,
            "related_modal_close_button_visible": true,
            "list_filter_highlight": true,
            "list_filter_dropdown": true,
            "list_filter_sticky": true,
            "list_filter_removal_links": false,
            "foldable_apps": true,
            "show_fieldsets_as_tabs": false,
            "show_inlines_as_tabs": false,
            "collapsible_stacked_inlines": false,
            "collapsible_stacked_inlines_collapsed": true,
            "collapsible_tabular_inlines": false,
            "collapsible_tabular_inlines_collapsed": true,
            "recent_actions_visible": true,
            "form_submit_sticky": false,
            "form_pagination_sticky": false
        }
    },
    {
        "model": "auth.user",
        "pk": 1,
        "fields": {
            "password": "pbkdf2_sha256$600000$8wnxPcBF6DJTVkgVKf4eT8$tDhUYYzjeqEJhS8TmkAOwjncW+Ccr3j30N6QmJ4dWBI=",
            "last_login": "2024-03-16T11:15:56.489Z",
            "is_superuser": true,
            "username": "admin",
            "first_name": "",
            "last_name": "",
            "email": "admin@gmail.com",
            "is_staff": true,
            "is_active": true,
            "date_joined": "2024-01-04T11:05:57.199Z",
            "groups": [],
            "user_permissions": []
        }
    },
    {
        "model": "auth.user",
        "pk": 2,
        "fields": {
            "password": "pbkdf2_sha256$600000$jIhb6XbUc0FdowYBjOg93c$qrf5kSSD2c/C6IoX/YHHrdaVqvF0LWQxyYnpESBelwc=",
            "last_login": "2024-03-07T07:14:28.581Z",
            "is_superuser": false,
            "username": "fayas",
            "first_name": "",
            "last_name": "",
            "email": "trinaseem5@gmail.com",
            "is_staff": false,
            "is_active": true,
            "date_joined": "2024-01-11T12:01:02.420Z",
            "groups": [],
            "user_permissions": []
        }
    },
    {
        "model": "auth.user",
        "pk": 3,
        "fields": {
            "password": "pbkdf2_sha256$600000$RqYFX32tuIERv7vNneiZjU$Tq1TcBKt4BfvZuKKAncn5O1gr5plDodLJ0BDYNOMA8I=",
            "last_login": "2024-01-12T11:06:41.253Z",
            "is_superuser": false,
            "username": "safvan",
            "first_name": "",
            "last_name": "",
            "email": "safvan@gmail.com",
            "is_staff": false,
            "is_active": true,
            "date_joined": "2024-01-12T06:23:47.239Z",
            "groups": [],
            "user_permissions": []
        }
    },
    {
        "model": "auth.user",
        "pk": 4,
        "fields": {
            "password": "pbkdf2_sha256$600000$nZLTuyj9nzzMb3mtBjbVxa$K8Dom3vEjclIStdpzgpNIO4x3rFLX90eWZaMlFqiHUQ=",
            "last_login": "2024-01-12T10:42:46.343Z",
            "is_superuser": false,
            "username": "niyas",
            "first_name": "",
            "last_name": "",
            "email": "trinaseem5@gmail.com",
            "is_staff": false,
            "is_active": true,
            "date_joined": "2024-01-12T10:17:36.293Z",
            "groups": [],
            "user_permissions": []
        }
    },
    {
        "model": "sessions.session",
        "pk": "1t0gq2mr1othlcs8zrx6ut9zk5bdbw86",
        "fields": {
            "session_data": ".eJxVjDEOgzAQBP9yNbLAYBtTps8brPNxBJLIJNgUEeLvMRINzRY7s7sB4ZKg26A-4rtiSFP6QdcUEPHN7rNMxNCBNFKUJex7AQ7XNLo18uKmPqMKLp1HenE4QP_E8JgFzSEtkxeHIk4axX3u-X073cvBiHHMa2yRej_YVipir9lbyXXDg9e1UoalHkw22qrxJK3OriFjB6ylqrwmq2H_A_FlSC4:1rfGkw:xJzG5knMYHAPBMhm0V18xi1m7ZS0-67hZ8K4J9cbsAY",
            "expire_date": "2024-03-13T10:01:42.983Z"
        }
    },
    {
        "model": "sessions.session",
        "pk": "24l82lpz2jrzzd9upyrz5exn624frhay",
        "fields": {
            "session_data": ".eJxVjMEOgyAQRP9lz4YsIGA89t5vMCss1bbBFvHQGP-9mnjxMod5b2YFT7lAu4I-4rtQKmP5QSsrmOnN3SePnqEF5ZRAhG2roKOlDN0yc-7GsCMJl64n_-J0gPCk9JiEn1LJYy8ORZx0Fvcp8Pt2upeDgeZhXzvPVpsQG2woWO2dN71WtYukasnopbI6kpU6xtqRRomBiXtjCVGaSLD9Ab-kR2A:1rlRzN:CuC4E4bjSxz1j0cpuhu06T7F1IAXDhhS7irv4eAV2bs",
            "expire_date": "2024-03-30T11:14:09.313Z"
        }
    },
    {
        "model": "sessions.session",
        "pk": "28fmti6i1lrvvrzvjlo7yump5pkkj5gl",
        "fields": {
            "session_data": "eyJjYXJ0Ijp7IjM3Ijp7InF1YW50aXR5IjoxLCJzYWxlX3ByaWNlIjoiMS4wMCJ9fX0:1rVQ5f:s5Lhl9Jb1WoMjIhh7h8aUkQGujg7a3efHIkFjHYuScc",
            "expire_date": "2024-02-15T05:58:23.197Z"
        }
    },
    {
        "model": "sessions.session",
        "pk": "2cqgoeqtzvgvybabk8nsyzgcffri4acw",
        "fields": {
            "session_data": "eyJjYXJ0Ijp7fX0:1rhkBb:okEP9qMgdaJC6isU5g-3HjrFDz-dMhQU5rvIiufLJA4",
            "expire_date": "2024-03-20T05:51:27.598Z"
        }
    },
    {
        "model": "sessions.session",
        "pk": "2sadpy6wt6suxr7esjr40m0xzveeotc3",
        "fields": {
            "session_data": ".eJxVjEEOgyAURO_y14YICIrL7nsG8vlgpW2wFVw0xrtXEzduZjHvzaxAOBfoV2iO-C6YSiw_6HkFGd_BfuZIAXoQUrO6hm2rwOJSRrvkMNvod8Th0jmkV0gH8E9Mj4nRlMocHTsUdtLM7pMP79vpXg5GzOO-HlpjNHqP2DpSehDCSVKSAgpShnfYCIl68Ny1nTDog8DgHBkihSQUh-0P6WxIlg:1rbw4D:DeJukYQD7w1IL55oh6mYQ9VQtttVhGGzvWJz1d5Ahx4",
            "expire_date": "2024-03-04T05:19:49.750Z"
        }
    },
    {
        "model": "sessions.session",
        "pk": "3gdq4mk5rxxjscfw2baaeb1ztvy67a4v",
        "fields": {
            "session_data": ".eJxdzDsOgzAMgOG7eEaRwyuBsXvPEDmJU9JW0EIYKsTdCxULXTz4_-wFHI0J2gXyfbxn6lNMH2jzDCZ6snmN0TG0UCgtEGHNQJ6h_IN5Uf3gJg3NqTPzxKOJfksSTjtL7sH9Hvyd-tsg3NCnMVqxE3HUSVwHz8_LYU8POpq67RpVgxVaV1pVaieZWFnEQKFBlTvk0heN8tJJj7YKoZasdVDoS6qtZmRYv2YtU9w:1raUEA:J-ny-ZHcZdXOr_4KkcQ_rt5uHsx4kwPW9YH8F64mJQw",
            "expire_date": "2024-02-29T05:24:06.024Z"
        }
    },
    {
        "model": "sessions.session",
        "pk": "3uasio33j6vc6lu7lfdow1e6f2rlvtfz",
        "fields": {
            "session_data": ".eJxVzMFuwjAMgOF38bmqnK2QlhuIHblwnabKcRxa6JLSJNI0xLvTIi7cLP-ffYMYuKeBmEP2qY2JksDm-wbjFFhihA0M4dR7KCByGOcG80g5de1IE_0uAO4FfF2uvG2OXeZt3h_-_uGngPbJcpSp7e3sFLztDPFF_BLsmfwplBx8mnpTLqR81VgegpVh97JvDzqK3XyNusEVGq6MrmpWQqINoiPXoP5glMp-NtoqVhbNyrm1krp2Gm1Fa1MLCtwfWKVXNg:1rUM77:LW3PY5u7piaRqRFb3BXBnkt5XNUEJ9ygJzNK3tGPAVs",
            "expire_date": "2024-02-12T07:31:29.533Z"
        }
    },
    {
        "model": "sessions.session",
        "pk": "3zsgx4mjb7ngcl709s4eusukuea0mdat",
        "fields": {
            "session_data": ".eJxVjDsOgzAQBe_iOrJsrz-IMn3OYK3X65gkAglMhbh7QKJI2jfzZhMR11bjuvAchyx6ocXtd0tIbx5PkF84PidJ09jmIclTkRdd5GPK_Llf7l-g4lKPdyD24HLpVIfZAwVyCYwNBY3VrEgbDwW9hlJsQFBaZUZOzqNS2hU8ooRzE_22718nwjtb:1rkHKn:HXAtzFhvuddoIcSZD7g4V9zmbMC9TPbH4vYdvTJCr1Q",
            "expire_date": "2024-03-27T05:39:25.774Z"
        }
    },
    {
        "model": "sessions.session",
        "pk": "4tlyga50lzjupu2q9wvitvsr0tfjkzpp",
        "fields": {
            "session_data": ".eJxVjDsOgzAQBe-ydWT5g21EmT5nsNbrdUwSgWRDhbg7QaKhfTPzNiCsCwzb_oCA61LC2riGMcEACm5bRPrydIL0wek9C5qnpY5RnIq4aBOvOfHvebm3g4Kt_GtP7IxNuZc9JmfIk41Gdz6j7hRLUtqZjE6ZnDuPRiqZGDlah1IqmxH2Ay-mO1s:1ri81n:IxwidIVje7VaJwPr5quvBgFz5TMMyH98fCXWezOVN_o",
            "expire_date": "2024-03-21T07:18:55.578Z"
        }
    },
    {
        "model": "sessions.session",
        "pk": "5lfsasb1kaf4323ogqpma4b8hbvgzw8t",
        "fields": {
            "session_data": "eyJjYXJ0Ijp7fX0:1rfzhz:jJJljQ0ce8vypYMLAliikSLQV0u4Nrv6T8-RaYBAFtY",
            "expire_date": "2024-03-15T10:01:39.660Z"
        }
    },
    {
        "model": "sessions.session",
        "pk": "69fx4ynzbnei5ffgiq17ophdprxc23b9",
        "fields": {
            "session_data": ".eJxVjbEOgzAQQ__lZhQlgSSEsXu_AV0uR6GtoIUwVIh_b5AY2sWD_Wxv0OKa-nZdeG6HCA0oKH69gPTg8QjiHcfbJGga0zwEcSDiTBdxnSI_Lyf7N9Dj0uc21kgxdL7WhjhYDl5zWXEXbGmMY207l4laVYG0t5l15HyHpTYqWPI2jxLOCZoNlDz0veKYhvSBRhWw4JPb1zwQ5ystpZAS9n3_Avh2SFA:1rdNhO:PVX0GUJ8r5clqcaH2EHTHvmlw0X_IHA6z7SxBApWvBA",
            "expire_date": "2024-03-08T05:02:14.713Z"
        }
    },
    {
        "model": "sessions.session",
        "pk": "708gz3zyte3z79omf016x3wgn7ltjlr4",
        "fields": {
            "session_data": ".eJxVjEEOwiAQRe_C2hBohhlw6d4zEGBAqoYmpV013t026UK3_733N-HDulS_9jz7kcVVaHH53WJIr9wOwM_QHpNMU1vmMcpDkSft8j5xft9O9--ghl73GgpaxEAEpAeVFEcDoAi1Ko6gGBVjZoVk2ToHOsJQAhmtgXY3oxWfL7MeNr4:1rNRar:AzCRbTReraYqaPlmj1KD6VFddGpP2hNBYSkFzgA4KkU",
            "expire_date": "2024-01-24T05:57:37.001Z"
        }
    },
    {
        "model": "sessions.session",
        "pk": "72w5qq2ivijf3toleo92ese4j0o82scq",
        "fields": {
            "session_data": ".eJxVjEEOwiAQRe_C2pBBaQGX7j0DmWEGqRpISrsy3l2bdKHb_977LxVxXUpcu8xxYnVWRh1-N8L0kLoBvmO9NZ1aXeaJ9KbonXZ9bSzPy-7-HRTs5VuDCzAAJUvO-mQExRFAxhzAHROI5VNwbJJhoCHn0Yj32QFbHMkLiHp_AOaVOFY:1rS8qD:yMmsgEqjSQBKnSENWjx8f_jJnXMkOMrgbURMMwcvRuM",
            "expire_date": "2024-02-06T04:56:53.225Z"
        }
    },
    {
        "model": "sessions.session",
        "pk": "77sdgmfhxwzm8bmsf3fj8s8mswr319yp",
        "fields": {
            "session_data": ".eJxVzMEOgyAQBNB_2XNDIgiIx977DWZ3WaptAwnqyfjv1cSL15k3swFjXaDf9gcMuC7jsM5ShylCDw3cMkL-Sj6L-MH8LopLXupE6iTqamf1KlF-z8veDkacx2ONHXKkFDptWcgJBS2mlUTOWOtFu-QP0TUtsQ7usJ59SGi0bchxcLD_AV8bPCY:1rers2:twfJm-19NizWICYhkuLf8tK87edOqRUg2FguyWy1Fco",
            "expire_date": "2024-03-12T07:27:22.294Z"
        }
    },
    {
        "model": "sessions.session",
        "pk": "7e8qs457nhivdkvg4g0m8fx5127duzyu",
        "fields": {
            "session_data": ".eJxVjDsOgzAQBe-ydWT5g21EmT5nsNbrdUwSgWRDhbg7QaKhfTPzNiCsCwzb_oCA61LC2riGMcEACm5bRPrydIL0wek9C5qnpY5RnIq4aBOvOfHvebm3g4Kt_GtP7IxNuZc9JmfIk41Gdz6j7hRLUtqZjE6ZnDuPRiqZGDlah1IqmxH2Ay-mO1s:1ri81l:nfFYWIhms6pnWK2qi0QvLPwJQZiXWRCG5n6ORLulIa4",
            "expire_date": "2024-03-21T07:18:53.706Z"
        }
    },
    {
        "model": "sessions.session",
        "pk": "7k5vrq1tcz8amsq3k2gd8mqpfokcv8y8",
        "fields": {
            "session_data": ".eJxVjDEOgzAQBP9yNbLOBDBQps8b0Pl8Dk4QJMYUEeLvAYmGZoud2V2BKSZoV9BHfBcaU0g_aHUGMw3SfWJggRbyW6kQYdsy6GhJfbfMErvgdqTh0lnit4wHcC8an5PiaUwxWHUo6qSzekxOhvvpXg56mvt9jabBEi0X1hQ1ayExFtGTb9DkjFK4W2OcZu3Qlt5XWuraG3QFVbYWFNj-u4pHpA:1rVV3i:0E457TyAwzBr2mfZjQpITXApzC7kt-PM9pGIGZ17QkU",
            "expire_date": "2024-02-15T11:16:42.926Z"
        }
    },
    {
        "model": "sessions.session",
        "pk": "81xrujrt3izccdjkp22nca0iams4l5j3",
        "fields": {
            "session_data": ".eJxVzMEOgyAQBNB_2XNDIgiIx977DWZ3WaptAwnqyfjv1cSL15k3swFjXaDf9gcMuC7jsM5ShylCDw3cMkL-Sj6L-MH8LopLXupE6iTqamf1KlF-z8veDkacx2ONHXKkFDptWcgJBS2mlUTOWOtFu-QP0TUtsQ7usJ59SGi0bchxcLD_AV8bPCY:1rcJWs:CbDGFgcrw_Tubz4cQwMdQzYh6L8LW4riPkgfIg74w9c",
            "expire_date": "2024-03-05T06:22:58.552Z"
        }
    },
    {
        "model": "sessions.session",
        "pk": "abk958wtgcf6di3tst8h6kncx26tb0vr",
        "fields": {
            "session_data": ".eJxVjMEOgzAMQ_8l5wmFdkQtt-1HUJoUgYaKBO0J8e_AxIWTZT_bGwgvGdptf0HHJQ9dWePSjQotGHhkgeUX0wV4mq64YpG5pFz9Ozdeq8_pYsqjcB7n9L1Xj6uB1-H88caRiODb2sY2UbQ3RKFXRk-NOg3e96dYUopKikZrdYx1wOjUIcJ-ADSeQCg:1rh4yS:meZJ5UgNn3nR_PK_-Svf9U23c-cJPpLIoMJdzOKofR0",
            "expire_date": "2024-03-18T09:51:08.020Z"
        }
    },
    {
        "model": "sessions.session",
        "pk": "aln9el46f9b7q6yb53j8bwoe06tirix0",
        "fields": {
            "session_data": ".eJxVjEEOwiAQRe_C2hBohhlw6d4zEGBAqoYmpV013t026UK3_733N-HDulS_9jz7kcVVaHH53WJIr9wOwM_QHpNMU1vmMcpDkSft8j5xft9O9--ghl73GgpaxEAEpAeVFEcDoAi1Ko6gGBVjZoVk2ToHOsJQAhmtgXY3oxWfL7MeNr4:1rLLYC:DonsCBq42ytuNzeA1VS_17qWLBO862swc7uiJ2ptHXo",
            "expire_date": "2024-01-18T11:06:12.690Z"
        }
    },
    {
        "model": "sessions.session",
        "pk": "b4pi017grnpw06nwnlnl5117izbotdr8",
        "fields": {
            "session_data": ".eJxVjDsOgzAQBe-ydWT5g21EmT5nsNbrdUwSgWRDhbg7QaKhfTPzNiCsCwzb_oCA61LC2riGMcEACm5bRPrydIL0wek9C5qnpY5RnIq4aBOvOfHvebm3g4Kt_GtP7IxNuZc9JmfIk41Gdz6j7hRLUtqZjE6ZnDuPRiqZGDlah1IqmxH2Ay-mO1s:1rkHKe:tM-rZ4DB0H6PGqzQCJ2Wz_YhqtzUno4gfWSq-r3sYXw",
            "expire_date": "2024-03-27T05:39:16.331Z"
        }
    },
    {
        "model": "sessions.session",
        "pk": "ba4b6efe3gjmxj9ei7h3z4wjczh1jdoh",
        "fields": {
            "session_data": ".eJxVjMsOgjAUBf-la9PcaqGFpXu_gdxXLWoggbIi_LuQsNDtmTmzmg6Xkrtl1qnrxbTGmcvvRshvHQ4gLxyeo-VxKFNP9lDsSWf7GEU_99P9C2Sc8_6G0EAFxJ6Cj-wUNRBAwtRAuDKol1sTxLEToCql2mmMKYB4rCkq6B5lnIpp1237AijKO6I:1rY0m4:09E9GXO6tiMqXTATc9Xpqpg7vQtF4l2zt141LFoXFNM",
            "expire_date": "2024-02-22T09:32:52.786Z"
        }
    },
    {
        "model": "sessions.session",
        "pk": "cfe91yr4uczp7g3g79xg6gcqc6vws67d",
        "fields": {
            "session_data": ".eJxVjDsOgzAQBe-ydWT5g21EmT5nsNbrdUwSgWRDhbg7QaKhfTPzNiCsCwzb_oCA61LC2riGMcEACm5bRPrydIL0wek9C5qnpY5RnIq4aBOvOfHvebm3g4Kt_GtP7IxNuZc9JmfIk41Gdz6j7hRLUtqZjE6ZnDuPRiqZGDlah1IqmxH2Ay-mO1s:1riA8j:hc3qYgIDfhU1DmI_NjGPeGa11SuV_f8rA2DhT1msE38",
            "expire_date": "2024-03-21T09:34:13.354Z"
        }
    },
    {
        "model": "sessions.session",
        "pk": "d1sxlt5x59fjxft9x7nymfgcwk09xgq3",
        "fields": {
            "session_data": ".eJxVjEEOwiAQRe_C2pBBaQGX7j0DmWEGqRpISrsy3l2bdKHb_977LxVxXUpcu8xxYnVWRh1-N8L0kLoBvmO9NZ1aXeaJ9KbonXZ9bSzPy-7-HRTs5VuDCzAAJUvO-mQExRFAxhzAHROI5VNwbJJhoCHn0Yj32QFbHMkLiHp_AOaVOFY:1rOFQQ:Xn0DNXgcpFb6a0mLWYkuiCyZuBjhIjbaH_kXK-V0MBo",
            "expire_date": "2024-01-26T11:10:10.454Z"
        }
    },
    {
        "model": "sessions.session",
        "pk": "d39t4z5w17912zzbh0x67q82kjocfri6",
        "fields": {
            "session_data": "eyJjYXJ0Ijp7fX0:1rkcMb:R1otrVQMkljHmch8loTUaMV1lVRi4eNCYY3-8MnLmBc",
            "expire_date": "2024-03-28T04:06:41.694Z"
        }
    },
    {
        "model": "sessions.session",
        "pk": "dxap673gsznx223fz4hk98qdw4ifpsr3",
        "fields": {
            "session_data": ".eJxVjEEOwiAQRe_C2pBBaQGX7j0DmWEGqRpISrsy3l2bdKHb_977LxVxXUpcu8xxYnVWRh1-N8L0kLoBvmO9NZ1aXeaJ9KbonXZ9bSzPy-7-HRTs5VuDCzAAJUvO-mQExRFAxhzAHROI5VNwbJJhoCHn0Yj32QFbHMkLiHp_AOaVOFY:1rRoWH:JH8bepdiF4csLMVeT-1FKzPFXJR1PTlvoVdCEdKnjqI",
            "expire_date": "2024-02-05T07:14:57.102Z"
        }
    },
    {
        "model": "sessions.session",
        "pk": "eawm418e7muhujz2f4s6xkzrutw37565",
        "fields": {
            "session_data": ".eJxVjEEOgyAQRe8y64YwCIW67N4zmGEYqm2jCejKePfWxI3b_977GzCVBdptv0FP6zL0a5XSjwlaQLhskfgj0wHSm6bXrHieljJGdSjqpFV1c5Lv83QvBwPV4V_bIA3aJuvsMengUND5KN44h2wD6WADB2rYMD-Mp4yOnWdGsQbvUcP-AwkmOn8:1rauIA:lFAfhy2NqIiaCuGkDRv1G6GVSB1F8cqtUKeahLupiEI",
            "expire_date": "2024-03-01T09:13:58.863Z"
        }
    },
    {
        "model": "sessions.session",
        "pk": "eke45nz6touxvwrpj7yp0i5j8orchp2f",
        "fields": {
            "session_data": ".eJxVjMsOgjAUBf-la9PcaqGFpXu_gdxXLWoggbIi_LuQsNDtmTmzmg6Xkrtl1qnrxbTGmcvvRshvHQ4gLxyeo-VxKFNP9lDsSWf7GEU_99P9C2Sc8_6G0EAFxJ6Cj-wUNRBAwtRAuDKol1sTxLEToCql2mmMKYB4rCkq6B5lnIpp1237AijKO6I:1rSyjy:PJB8-sf6Ao5vPnX32n1f3k1o5fat2Z99X128FyuVXsU",
            "expire_date": "2024-02-08T12:21:54.838Z"
        }
    },
    {
        "model": "sessions.session",
        "pk": "eq3cdwqc807zpcprwhu87ge7wtxte5gz",
        "fields": {
            "session_data": ".eJxVjDEOgzAQBP9yNbLOBDBQps8b0Pl8Dk4QJMYUEeLvAYmGZoud2V2BKSZoV9BHfBcaU0g_aHUGMw3SfWJggRbyW6kQYdsy6GhJfbfMErvgdqTh0lnit4wHcC8an5PiaUwxWHUo6qSzekxOhvvpXg56mvt9jabBEi0X1hQ1ayExFtGTb9DkjFK4W2OcZu3Qlt5XWuraG3QFVbYWFNj-u4pHpA:1rVU75:3d5TYLmOr-n-SNLLGTg8EC4CzGvA6j4ElE8LqLpsd34",
            "expire_date": "2024-02-15T10:16:07.116Z"
        }
    },
    {
        "model": "sessions.session",
        "pk": "exf2p6o6f1t373i4j5oaao9ocwqpbmfm",
        "fields": {
            "session_data": "eyJjYXJ0Ijp7fX0:1rkI7U:wHTB4BEPXuZI8WG3ILqsZPHsj4uMDFqQqexojT2Oq2o",
            "expire_date": "2024-03-27T06:29:44.913Z"
        }
    },
    {
        "model": "sessions.session",
        "pk": "gs9g7ud11h4y6lzeb1odzn4wuaaztyal",
        "fields": {
            "session_data": "eyJjYXJ0Ijp7fX0:1rUhRf:3XAujVP_m33HAgiGEWDq4uDxSp1pW-jyRisEgnNG3tQ",
            "expire_date": "2024-02-13T06:18:07.243Z"
        }
    },
    {
        "model": "sessions.session",
        "pk": "h7v76um8fi7a5ql7wxkmadpxg4ae9x9f",
        "fields": {
            "session_data": ".eJxVjEEOwiAQRe_C2pBBaQGX7j0DmWEGqRpISrsy3l2bdKHb_977LxVxXUpcu8xxYnVWRh1-N8L0kLoBvmO9NZ1aXeaJ9KbonXZ9bSzPy-7-HRTs5VuDCzAAJUvO-mQExRFAxhzAHROI5VNwbJJhoCHn0Yj32QFbHMkLiHp_AOaVOFY:1rPFkN:WN4n5IlVX2u6WvmJzzZrs2W7eWkL8X5cVz2JqGFSRaI",
            "expire_date": "2024-01-29T05:42:55.185Z"
        }
    },
    {
        "model": "sessions.session",
        "pk": "ipknn9qnhahao0uynfdxin48mctcnv19",
        "fields": {
            "session_data": ".eJxdzcFqwzAMBuB30TkEJU3iuMeyywbbZZfBGEGWncZrZqexcxih7z5nlEF2EUL_J2kFpjnCcQW5letCLtr4Dccmg0Cj6abZsoEjlJWUMkeEWwYF7m35zx7-bMLBs6WRmP3iYhcixUTeV5hmzyaExEd_tg6SZD9t66mlJQ7dRDN9bWD7yS_8Wp6ul1q8PfoH_wQfGXS_bAlm7qxOroDdTBFfjNsC_Unu7HP2Ls5W5RvJ72nIn7024-ludwcGCkPaRiGxRsWVElXLhSEjFGJPvURRMppKH6TQBRcaVd33TWHatheoK2pUa9DA7QfljnNG:1rUKpT:6IV6I5657Q6yxk1mLJHHLcAZlbd-9vB1NUqzDdyDbKg",
            "expire_date": "2024-02-12T06:09:11.446Z"
        }
    },
    {
        "model": "sessions.session",
        "pk": "jyq4g65yp43ti0aqtg2nhch0llapm0sp",
        "fields": {
            "session_data": ".eJxVjEEOwiAQRe_C2hBohhlw6d4zEGBAqoYmpV013t026UK3_733N-HDulS_9jz7kcVVaHH53WJIr9wOwM_QHpNMU1vmMcpDkSft8j5xft9O9--ghl73GgpaxEAEpAeVFEcDoAi1Ko6gGBVjZoVk2ToHOsJQAhmtgXY3oxWfL7MeNr4:1rN3v0:IwOMNak0qNGiHgnIfYG0K11EKr8RHpl-heZUAgQhrEI",
            "expire_date": "2024-01-23T04:40:50.994Z"
        }
    },
    {
        "model": "sessions.session",
        "pk": "l5qwgos3ocqpiunhwtdb9k386mica4g7",
        "fields": {
            "session_data": "eyJjYXJ0Ijp7fX0:1riY4K:RYWHK_tFgb8mMGtpX0eZKOJKuKTJyXsJpYkkG-TbmJ4",
            "expire_date": "2024-03-22T11:07:16.644Z"
        }
    },
    {
        "model": "sessions.session",
        "pk": "ldgv06l4n6deybbvj0xa4jeh31m6zfwu",
        "fields": {
            "session_data": "eyJjYXJ0Ijp7fX0:1rlSPr:e-15uP8C3kYPuqP0LbJ_vZBngMqk8EaEHdZ4wt_VCdI",
            "expire_date": "2024-03-30T11:41:31.674Z"
        }
    },
    {
        "model": "sessions.session",
        "pk": "lmfko2lm3vp71otn5pyl4jhytpb6xcld",
        "fields": {
            "session_data": ".eJxVjEEOwiAQRe_C2hBohhlw6d4zEGBAqoYmpV013t026UK3_733N-HDulS_9jz7kcVVaHH53WJIr9wOwM_QHpNMU1vmMcpDkSft8j5xft9O9--ghl73GgpaxEAEpAeVFEcDoAi1Ko6gGBVjZoVk2ToHOsJQAhmtgXY3oxWfL7MeNr4:1rMipK:FUyPYXfSiPL91e45kP5Z7A1LaUK-qwOQ29UawPJkC4Q",
            "expire_date": "2024-01-22T06:09:34.933Z"
        }
    },
    {
        "model": "sessions.session",
        "pk": "m2pkdf32jg99o848kz40txihivnu2j8n",
        "fields": {
            "session_data": ".eJyrVkpOLCpRsqpWMjYDkYWliXklmSWVSlaGOkrFiTmp8QVFmcmpSlZKRgZAoGdgoFSro2RkgV-tsSlMpbE5fpWGYHW1tQAEwCkO:1rVQCX:KJhDJ8wybODGv-gz89_k4ERKluFHAPLS6QnXMTkKcww",
            "expire_date": "2024-02-15T06:05:29.160Z"
        }
    },
    {
        "model": "sessions.session",
        "pk": "m69ostt01os0po0ukzm8si0hlynvlyab",
        "fields": {
            "session_data": "eyJjYXJ0Ijp7fX0:1rhoER:0fOp8fH8d70w51XZcMN6NS9IZNk6-32dLcB98g9rsMw",
            "expire_date": "2024-03-20T10:10:39.238Z"
        }
    },
    {
        "model": "sessions.session",
        "pk": "mgj75mdj02pvmxots530gjhwb98xftc7",
        "fields": {
            "session_data": ".eJxVjDEOgzAQBP9yNbLOxGCbMn3egM72OThBkIApIsTfAxINzRY7s7uCpylDs4I94rvQkFP-QVMWMFPP7WdKnqGBUllrBSJsWwEtLblrl5mnNoUdSrh0jvybhwOEFw3PUfhxyFNy4lDESWfxGAP399O9HHQ0d_satcUKnVdOK-MlE2uHGCla1KVHVuFmdZBeBnRVjLVkY6LGoKh2hpFh-wMx8Ugk:1rVR9H:61PuelcrUku4MxrdOJ0gAbXD10M_DZeQSnm8I-hU21Q",
            "expire_date": "2024-02-15T07:06:11.247Z"
        }
    },
    {
        "model": "sessions.session",
        "pk": "mqqngarfszy5jf95qhs3q8p60k4u5710",
        "fields": {
            "session_data": ".eJxVzE1rwzAMBuD_onMJdprv405l0O4w2A5jBFlWEm-ZndrOYZT89zmjl16EePW8ugGhj9DdQO7juqKNJv5Clx8g4Mz94g0xdJAfy0wI2LaUOzI4I5FbbexDxJjAxw0W74hDSHh2o7GQJLllL6cV1zj1C3r82QGkN5ezfn6_VG_y9HIdq1cJnwfo_9ka2PdGJyfhIVNI32z3g_5CO7qMnI3eqGwn2f0asrPTPD_d7cODCcOU2qJuRSkUFaouGpKMXCshBhxaUeckuNDHttaSpBaqHIZKctMMtdAFVqphwbD9AfQ9ZZA:1rVV1L:V6B8Sw7ifWtHPnvK4jC_DGT3IGMiHfc0WeoXi0SnaZU",
            "expire_date": "2024-02-15T11:14:15.849Z"
        }
    },
    {
        "model": "sessions.session",
        "pk": "msj9ob47zfzst3jp3u2y92lbwrwls2pl",
        "fields": {
            "session_data": ".eJxVjMEOgyAQRP9lz4YsImA89t5vMAss1bbBFvHQGP-9mnjxMod5b2YFT7lAt4LEI78LpTKWH3Sygpne3H_y6Bk6qBEFImxbBT0tZeiXmXM_hh1JuHSO_IvTAcKT0mMSfkolj04cijjpLO5T4PftdC8HA83DvraejdIhtthSMMpbr52qGxupbiSjl7VRkYxUMTaWFEoMTOy0IUSpI8H2B-K3R4U:1ri9lI:Z1HpM9WJVw27Fvjy4lhAek84YJTXaE-cc1j_74Baue0",
            "expire_date": "2024-03-21T09:10:00.752Z"
        }
    },
    {
        "model": "sessions.session",
        "pk": "muf0zcpa9wuhrypz11v41pfvjgcbsbnp",
        "fields": {
            "session_data": ".eJxVjsEOgyAMht-lZ2MQJgNv24uQ2mI0M7oJHBbjuw8WL17a9P_a_-8OhFuEbgdVyifhEqf4hU5WEHD27r1N5KEDeZe1EHAcFThMcXQp-M1NXBBctB7p5ZcCcJ6LXCPRmpZY_3dOHOpHnnxOI4zTujzPq4vViGHMPlYaTUTiplSrWk88SK37gVFY3bLh3tohN6VZe9YsJDdsUDS98IZN-foHPatMLg:1rfwV5:XygUtAlmKkmAjZapltPC7oowV_Cu8WJOFL82Vdot6W8",
            "expire_date": "2024-03-15T06:36:07.819Z"
        }
    },
    {
        "model": "sessions.session",
        "pk": "mxcvu5kyyz8vmpimkghjsw6c8m7jov6h",
        "fields": {
            "session_data": ".eJxVjDsOgzAQBe-ydWT5g21EmT5nsNbrdUwSgWRDhbg7QaKhfTPzNiCsCwzb_oCA61LC2riGMcEACm5bRPrydIL0wek9C5qnpY5RnIq4aBOvOfHvebm3g4Kt_GtP7IxNuZc9JmfIk41Gdz6j7hRLUtqZjE6ZnDuPRiqZGDlah1IqmxH2Ay-mO1s:1rjY1d:ASVhqbHpczuMPqOkCOtLEp1lIva37SnmENJowiFwJdU",
            "expire_date": "2024-03-25T05:16:37.842Z"
        }
    },
    {
        "model": "sessions.session",
        "pk": "n0gc2qbz1ywskrl231uwsddgy8wmy29m",
        "fields": {
            "session_data": ".eJxVkMFugzAMht_F5woFGClw2267VpM4TBNy7DAiMkJJqFShvvuSiksvjv378-8kOxCuAdodyhSuG87BhDu0-Qk8Wt0vqyENLRTnIhMCHo-oOzJokchtc-h9wBCB7x2W1ZH2PsLW_ZoZIkluScMxxS2M_YIr_iUAok3n1Ze6dPdpGs-ft-4GPyfon9jm9dobTlvhRVNIk55TA61NcnbcInsyR9tn77HS8SGEwbj545h6sRrRj9GnKWpJROKtLKuy0sRDIaUaGEUjK65ZNc0Qj1Ky1CxZFJxzjSJXQtdcpw_5B4QIa0k:1rh0T9:HWrCXz2BA7EnZsioPE5FemI6qSeuXp5f9dNyZmpNxuQ",
            "expire_date": "2024-03-18T05:02:31.286Z"
        }
    },
    {
        "model": "sessions.session",
        "pk": "nduqv4v63wgf7mnskvh2a1drwtll40zd",
        "fields": {
            "session_data": ".eJxVjDEOgzAQBP9yNbLABhtTps8brPP5CCQRJLYpIsTfAxINzRY7s7sCYczQraCO-C445TH_oKsKSPhm94kjMXQgjRRlCdtWgMMlD25JHN0YdlTBpfNIL54OEJ44PWZB85Tj6MWhiJMmcZ8Dv2-nezkYMA37Gluk4HvbyobYa_ZWsqq591o1jWGpe7MbbVV7klbvriFje1Syqbwmq2H7A-8ZSCs:1rerKh:BmYm9yqQVyIbZ1ZozQZo58phz6Lo69IutbxYTz87hck",
            "expire_date": "2024-03-12T06:52:55.973Z"
        }
    },
    {
        "model": "sessions.session",
        "pk": "nwzmpuusu1y0m81p4gab74tvti7qcbi7",
        "fields": {
            "session_data": "eyJjYXJ0Ijp7fX0:1rY3c6:WjWRsiP8FBiL-z8-0sZQvSUP9YfJ3h2uEd3QV0SMbwI",
            "expire_date": "2024-02-22T12:34:46.264Z"
        }
    },
    {
        "model": "sessions.session",
        "pk": "nzopowyfe8rsuyui8kn2kyazvtd41en7",
        "fields": {
            "session_data": ".eJxVjEEOwiAQRe_C2pBBaQGX7j0DmWEGqRpISrsy3l2bdKHb_977LxVxXUpcu8xxYnVWRh1-N8L0kLoBvmO9NZ1aXeaJ9KbonXZ9bSzPy-7-HRTs5VuDCzAAJUvO-mQExRFAxhzAHROI5VNwbJJhoCHn0Yj32QFbHMkLiHp_AOaVOFY:1rOEhD:Lb1woDBsPG95sx5XO_eTeX3aCgagTckB5zTRd-v1gzk",
            "expire_date": "2024-01-26T10:23:27.962Z"
        }
    },
    {
        "model": "sessions.session",
        "pk": "o6mobf64k0nomxoqpxwctjk2xx2pchsa",
        "fields": {
            "session_data": ".eJxVjDsOgzAQBe-ydWT5g21EmT5nsNbrdUwSgWRDhbg7QaKhfTPzNiCsCwzb_oCA61LC2riGMcEACm5bRPrydIL0wek9C5qnpY5RnIq4aBOvOfHvebm3g4Kt_GtP7IxNuZc9JmfIk41Gdz6j7hRLUtqZjE6ZnDuPRiqZGDlah1IqmxH2Ay-mO1s:1ri9rQ:dHLUPJNCGsNRQ_YoKEJkeZbNMOwY9GHnocMZwyM-vaY",
            "expire_date": "2024-03-21T09:16:20.030Z"
        }
    },
    {
        "model": "sessions.session",
        "pk": "pvw7ra8ch0204w56kll0i02rfhw2jcfz",
        "fields": {
            "session_data": ".eJxVj8FqhDAQht9lziJJV43rrdtToQst9FAoRSaTUbO1iZvEQxHfvVr2spdhmO-bH_4FoieLIxL52aU2JkwMzecCU_DEMUIDo--tgwwi-WljsK04p6GdMODPLsCawTn10l3eP15fru7t8ekZvjJo_7U5cmit2TwJdzeN9M1uB-aCrvc5eZeC1fmu5Dca87M3PJ5u7l3AgHHYvoU6ilJoKrQqapKMrLQQHXZHoR5IcGEOR2UkSSN02XWV5LrulDAFVrpmwVsoYUjQLFDt4zqjSzb9QiO30jhyOwVLe_PykAsB67r-ATgYZgQ:1rXdL1:fiQ4kIuc9GjK581TI2gYXfgbvAi1SZPnXxmbCrxOB3Q",
            "expire_date": "2024-02-21T08:31:23.226Z"
        }
    },
    {
        "model": "sessions.session",
        "pk": "qe8bo5ls869ze67c6horruds4ak8q640",
        "fields": {
            "session_data": ".eJxVjDsOgzAQBe-ydWT5g21EmT5nsNbrdUwSgWRDhbg7QaKhfTPzNiCsCwzb_oCA61LC2riGMcEACm5bRPrydIL0wek9C5qnpY5RnIq4aBOvOfHvebm3g4Kt_GtP7IxNuZc9JmfIk41Gdz6j7hRLUtqZjE6ZnDuPRiqZGDlah1IqmxH2Ay-mO1s:1rlS1G:g6kd8qhqInFpUd6kGlcLizWqWCsmmRb-rwMqw6ptv9o",
            "expire_date": "2024-03-30T11:16:06.336Z"
        }
    },
    {
        "model": "sessions.session",
        "pk": "qjhk1rlmtko70e65vfu0kodp1epbkok8",
        "fields": {
            "session_data": ".eJxVjDsOgzAQBe-ydWT5g21EmT5nsNbrdUwSgWRDhbg7QaKhfTPzNiCsCwzb_oCA61LC2riGMcEACm5bRPrydIL0wek9C5qnpY5RnIq4aBOvOfHvebm3g4Kt_GtP7IxNuZc9JmfIk41Gdz6j7hRLUtqZjE6ZnDuPRiqZGDlah1IqmxH2Ay-mO1s:1rjY1j:6DcPk-ronUjGBWnvx7tcpRNPOxZ8BDQK-FN5Ixiu3OU",
            "expire_date": "2024-03-25T05:16:43.035Z"
        }
    },
    {
        "model": "sessions.session",
        "pk": "qn9cwvvro3bvnqg8t3xcx47wwypnsme8",
        "fields": {
            "session_data": ".eJxVjEEOwiAQRe_C2pBBaQGX7j0DmWEGqRpISrsy3l2bdKHb_977LxVxXUpcu8xxYnVWRh1-N8L0kLoBvmO9NZ1aXeaJ9KbonXZ9bSzPy-7-HRTs5VuDCzAAJUvO-mQExRFAxhzAHROI5VNwbJJhoCHn0Yj32QFbHMkLiHp_AOaVOFY:1rRsrm:4Q5VNTJ2nPN7MYgxCaeS7-aUg3fQOtbrVh1p9r3TnX4",
            "expire_date": "2024-02-05T11:53:26.175Z"
        }
    },
    {
        "model": "sessions.session",
        "pk": "sajwqf4rhblxlz5mcakv38z3y85n47f0",
        "fields": {
            "session_data": ".eJxVjcEOgjAQRP9lz6TZaqEtR-9-Q7Ntt4IaUFoOhvDvQsJBL3OYeTOzgKO5dG7OPLk-QgsSql_PU3jwsAfxTsNtFGEcytR7sSPiSLO4jpGfl4P9G-god1sbtcUafVBeKxMkE2uPmChZ1KeArOLZ6iiDjOjrlBrJxiSNUVHjDSNvo4GmAu0CUu_6nmkofflAKyvI9GT3mvrA25WyViDCuq5frsNH5w:1rUQEj:_yTyeUdZpcCwRSfvtz745b2gtg7jL7RTkTDp_x_hcDA",
            "expire_date": "2024-02-12T11:55:37.513Z"
        }
    },
    {
        "model": "sessions.session",
        "pk": "si3d4du1zrwuy28tfs4pcfg6bflhacag",
        "fields": {
            "session_data": "eyJjYXJ0Ijp7fX0:1rkMJ3:4V5AyM9fVzqfGiUCt67ScntjdCaK0tMWpe6L-NaROZs",
            "expire_date": "2024-03-27T10:57:57.559Z"
        }
    },
    {
        "model": "sessions.session",
        "pk": "sjlwc1w6v5q8grs76n3vk3oz5qod9wb8",
        "fields": {
            "session_data": "eyJjYXJ0Ijp7fX0:1rjw9h:STkGnGJjtGmGq8TbERmyn52MwCMn8fT12Qyc44XsAxA",
            "expire_date": "2024-03-26T07:02:33.231Z"
        }
    },
    {
        "model": "sessions.session",
        "pk": "smr45eqr9tpphzzsjqr08zr87s18yoay",
        "fields": {
            "session_data": ".eJxVjDsOgzAQBe-ydWT5g21EmT5nsNbrdUwSgWRDhbg7QaKhfTPzNiCsCwzb_oCA61LC2riGMcEACm5bRPrydIL0wek9C5qnpY5RnIq4aBOvOfHvebm3g4Kt_GtP7IxNuZc9JmfIk41Gdz6j7hRLUtqZjE6ZnDuPRiqZGDlah1IqmxH2Ay-mO1s:1ri9rc:mYA7kjRt36_2DN3gf-g3YubUihqwJ7NJdaRIaNDKivc",
            "expire_date": "2024-03-21T09:16:32.587Z"
        }
    },
    {
        "model": "sessions.session",
        "pk": "sym116kgj66s8v6azciefrsztn1ewjtz",
        "fields": {
            "session_data": ".eJxlzU2OgzAMBeC7eF1Fzg8ksOx-zoCcxCm0FXQgLEZV7z5QsUm78cLv8_MTAs0Z2ifIffyuNOYh_0HrTrDQnbvHPASGFpSuBCK8TqBKqD-gtu6AuoTqs9GqA5oSyq_X9RtusqM199268NwNcYskFDtP4cbjHsQrjZdJhGnM8-DFTsSRLuJninw_H7Yo6Gnpt2u0DVbog_HWuCCZ2HrERKlBqwKyibqxUQYZ0Vcp1ZKdSxajodo7RobXP5aibEg:1rVU59:wo9djzvHNByuqrKCCQ9JO8qC-9UNBE_lkarlb_se_cY",
            "expire_date": "2024-02-15T10:14:07.972Z"
        }
    },
    {
        "model": "sessions.session",
        "pk": "tu1x9ugliephzjt95q30gmotx1v7x3t4",
        "fields": {
            "session_data": ".eJxVjEEOwiAQRe_C2hBohhlw6d4zEGBAqoYmpV013t026UK3_733N-HDulS_9jz7kcVVaHH53WJIr9wOwM_QHpNMU1vmMcpDkSft8j5xft9O9--ghl73GgpaxEAEpAeVFEcDoAi1Ko6gGBVjZoVk2ToHOsJQAhmtgXY3oxWfL7MeNr4:1rMipK:FUyPYXfSiPL91e45kP5Z7A1LaUK-qwOQ29UawPJkC4Q",
            "expire_date": "2024-01-22T06:09:34.284Z"
        }
    },
    {
        "model": "sessions.session",
        "pk": "u1nv9sqevsnucr67hbyqwza72au5hz79",
        "fields": {
            "session_data": ".eJxVjEEOwiAQRe_C2pBBaQGX7j0DmWEGqRpISrsy3l2bdKHb_977LxVxXUpcu8xxYnVWRh1-N8L0kLoBvmO9NZ1aXeaJ9KbonXZ9bSzPy-7-HRTs5VuDCzAAJUvO-mQExRFAxhzAHROI5VNwbJJhoCHn0Yj32QFbHMkLiHp_AOaVOFY:1rRrAz:DHz-5AlWv2_vUzRc_B66MlpmLrs2Ikj66pP6o5nefhk",
            "expire_date": "2024-02-05T10:05:09.430Z"
        }
    },
    {
        "model": "sessions.session",
        "pk": "ub34fjqwj7yzep4y5bm52pt8x9q9etm3",
        "fields": {
            "session_data": "eyJjYXJ0Ijp7fX0:1rhoYP:MIrGayq7CsWWdwkC2r7ZlqO2MG-XsuvIA73GHeawnBY",
            "expire_date": "2024-03-20T10:31:17.385Z"
        }
    },
    {
        "model": "sessions.session",
        "pk": "vdr8pm03s1bv6wyhn0fi060h06mfku46",
        "fields": {
            "session_data": "eyJjYXJ0Ijp7fX0:1raV6W:r0ZY2SVc9c6LU7oSawSp5GV_WZzxrnmF587t1UbrIa8",
            "expire_date": "2024-02-29T06:20:16.050Z"
        }
    },
    {
        "model": "sessions.session",
        "pk": "vmf86idx9x4gfz79kr42guqdtdvb77at",
        "fields": {
            "session_data": ".eJyrVkpOLCpRsqpWsgQRhaWJeSWZJZVKVkY6SsWJOanxBUWZyalKVkpGJpaWlnoGBkq1OkqGBqhqDdHUGsPV1tYCAL19HXE:1rTexg:0Pb1uUC9br1OdxS4CzSN74y6J6NpYwZwCqiKD2NYenY",
            "expire_date": "2024-02-10T09:26:52.867Z"
        }
    },
    {
        "model": "sessions.session",
        "pk": "vwm1z8hsxqunkx7q9eea9bedjncdrjtj",
        "fields": {
            "session_data": "eyJjYXJ0Ijp7fX0:1riYpc:bSxg63m_nn81X-36CEcCu1uuwfsV-PqgRwTM0rILGwY",
            "expire_date": "2024-03-22T11:56:08.367Z"
        }
    },
    {
        "model": "sessions.session",
        "pk": "w4ugc1s5qk4zjth1b20mipaforg3uv6n",
        "fields": {
            "session_data": "eyJjYXJ0Ijp7fX0:1rY3c6:WjWRsiP8FBiL-z8-0sZQvSUP9YfJ3h2uEd3QV0SMbwI",
            "expire_date": "2024-02-22T12:34:46.160Z"
        }
    },
    {
        "model": "sessions.session",
        "pk": "wfv6hte6jpay3l0siv0eyl0s2mgweq36",
        "fields": {
            "session_data": ".eJxVjDsOgzAQBe-ydWT5g21EmT5nsNbrdUwSgWRDhbg7QaKhfTPzNiCsCwzb_oCA61LC2riGMcEACm5bRPrydIL0wek9C5qnpY5RnIq4aBOvOfHvebm3g4Kt_GtP7IxNuZc9JmfIk41Gdz6j7hRLUtqZjE6ZnDuPRiqZGDlah1IqmxH2Ay-mO1s:1rhjsg:bqlDoy6U4uW19tOnseI-O3rnhKoih9jz4fdUD70L9Ac",
            "expire_date": "2024-03-20T05:31:54.154Z"
        }
    },
    {
        "model": "sessions.session",
        "pk": "x3b5kny75xdpzm6oin3l9l58j7crdld9",
        "fields": {
            "session_data": ".eJxVzMEOgyAQBNB_2XNDIgiIx977DWZ3WaptAwnqyfjv1cSL15k3swFjXaDf9gcMuC7jsM5ShylCDw3cMkL-Sj6L-MH8LopLXupE6iTqamf1KlF-z8veDkacx2ONHXKkFDptWcgJBS2mlUTOWOtFu-QP0TUtsQ7usJ59SGi0bchxcLD_AV8bPCY:1rdNdX:Uc_SifYrSC4ArE7x9iw_qDl2fVIdgdZFmWjXcvgqUyg",
            "expire_date": "2024-03-08T04:58:15.264Z"
        }
    },
    {
        "model": "sessions.session",
        "pk": "xsftgi3m7qkmif1akj6fclbm11euhlsu",
        "fields": {
            "session_data": ".eJxVjDsOgzAQBe-ydWT5g21EmT5nsNbrdUwSgWRDhbg7QaKhfTPzNiCsCwzb_oCA61LC2riGMcEACm5bRPrydIL0wek9C5qnpY5RnIq4aBOvOfHvebm3g4Kt_GtP7IxNuZc9JmfIk41Gdz6j7hRLUtqZjE6ZnDuPRiqZGDlah1IqmxH2Ay-mO1s:1riBuQ:J76htlsG-Zm9uMkEfmlRWRQWwRsz11YpZoW8pP5rw8Q",
            "expire_date": "2024-03-21T11:27:34.937Z"
        }
    },
    {
        "model": "sessions.session",
        "pk": "yx6olnbotm6rgdilz3rqbcq0zer0frm0",
        "fields": {
            "session_data": "eyJjYXJ0Ijp7fX0:1rdSUl:5aUTcla3DWnxAzbyq4eCxdX5x0owHLfDnQZ5IbsK41U",
            "expire_date": "2024-03-08T10:09:31.563Z"
        }
    },
    {
        "model": "sessions.session",
        "pk": "zn8b4be3q2cx4lrkqsa7mjh1bvxd838x",
        "fields": {
            "session_data": ".eJxVjEEOgyAURO_y14YIFBWX3fcM5PPBSmuwBVw0xrtXEzduZjHvzaxAmAr0K4gjvgvGEsoPel5BxsmbTwrkoQfZdqyuYdsqMLiU0SzZJxPcjjhcOov09vEA7oXxOTOaY0nBskNhJ83sMTs_3U_3cjBiHvf10GrdoHOIrSXVDEJYSUqSR0FK8w5vQmIzOG7bTmh0XqC3ljSRQhKKw_YH7KpImw:1rbx7s:KPlJKqodkS9v6oRv9hVQnd3VYKlHtitu_CVcEw37X5o",
            "expire_date": "2024-03-04T06:27:40.142Z"
        }
    },
    {
        "model": "socialaccount.socialapp",
        "pk": 1,
        "fields": {
            "provider": "google",
            "provider_id": "",
            "name": "starsport",
            "client_id": "408325515986-4eshqk344qoff1m8ghj1fualngtrgv8v.apps.googleusercontent.com",
            "secret": "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",
            "key": "google",
            "settings": {}
        }
    },
    {
        "model": "order.wishlist",
        "pk": 55,
        "fields": {
            "user": 2,
            "product": 3
        }
    },
    {
        "model": "order.wishlist",
        "pk": 56,
        "fields": {
            "user": 1,
            "product": 10
        }
    },
    {
        "model": "order.wishlist",
        "pk": 57,
        "fields": {
            "user": 1,
            "product": 2
        }
    },
    {
        "model": "order.order",
        "pk": 1,
        "fields": {
            "unique_transaction_id": null,
            "razorpay_payment_id": null,
            "razorpay_order_id": "order_NVZvgHp2XaR6aF",
            "razorpay_signature": null,
            "created": "2024-02-01T10:14:23.010Z",
            "updated": "2024-02-01T10:14:25.441Z",
            "payable": "3794.00",
            "order_id": "2402015A64E6",
            "is_ordered": false,
            "completed_at": null,
            "payment_method": "OP",
            "full_name": "Jarrod Russell",
            "address_line_1": "43 East First Court",
            "address_line_2": "Reprehenderit ullamco quia eum blanditiis",
            "state": "Optio laboriosam qui dolorem ullamco et ut excepturi explicabo In architecto",
            "district": "Quod architecto laudantium consequatur voluptas ipsam dignissimos in cupiditate enim eligendi ducimus reiciendis voluptatem veritatis officia officiis est",
            "city": "Quisquam dolor sit aliqua Quasi et consequatur Adipisicing velit magnam architecto quia omnis aut",
            "pin_code": 1,
            "mobile_no": "911",
            "alternative_no": "911",
            "email": "gota@mailinator.com",
            "subtotal": "3794.00",
            "service_fee": "0.00",
            "shipping_fee": "0.00",
            "order_status": "Pending",
            "payment_status": "Pending"
        }
    },
    {
        "model": "order.order",
        "pk": 2,
        "fields": {
            "unique_transaction_id": null,
            "razorpay_payment_id": null,
            "razorpay_order_id": "order_NVZvhj3IE1X1z7",
            "razorpay_signature": null,
            "created": "2024-02-01T10:14:25.551Z",
            "updated": "2024-02-01T10:14:26.713Z",
            "payable": "3794.00",
            "order_id": "2402012DB4AF",
            "is_ordered": false,
            "completed_at": null,
            "payment_method": "OP",
            "full_name": "Jarrod Russell",
            "address_line_1": "43 East First Court",
            "address_line_2": "Reprehenderit ullamco quia eum blanditiis",
            "state": "Optio laboriosam qui dolorem ullamco et ut excepturi explicabo In architecto",
            "district": "Quod architecto laudantium consequatur voluptas ipsam dignissimos in cupiditate enim eligendi ducimus reiciendis voluptatem veritatis officia officiis est",
            "city": "Quisquam dolor sit aliqua Quasi et consequatur Adipisicing velit magnam architecto quia omnis aut",
            "pin_code": 1,
            "mobile_no": "911",
            "alternative_no": "911",
            "email": "gota@mailinator.com",
            "subtotal": "3794.00",
            "service_fee": "0.00",
            "shipping_fee": "0.00",
            "order_status": "Pending",
            "payment_status": "Pending"
        }
    },
    {
        "model": "order.order",
        "pk": 3,
        "fields": {
            "unique_transaction_id": null,
            "razorpay_payment_id": "pay_NVZvtonLwMBjuH",
            "razorpay_order_id": "order_NVZvj1Wx2XMt6m",
            "razorpay_signature": "1dae99ebd66c655f30b0716a8bf69c4c64800e96e2b5c747cd70ea7707977033",
            "created": "2024-02-01T10:14:26.792Z",
            "updated": "2024-02-01T10:15:34.682Z",
            "payable": "3794.00",
            "order_id": "2402019A7EE7",
            "is_ordered": true,
            "completed_at": null,
            "payment_method": "OP",
            "full_name": "Jarrod Russell",
            "address_line_1": "43 East First Court",
            "address_line_2": "Reprehenderit ullamco quia eum blanditiis",
            "state": "Optio laboriosam qui dolorem ullamco et ut excepturi explicabo In architecto",
            "district": "Quod architecto laudantium consequatur voluptas ipsam dignissimos in cupiditate enim eligendi ducimus reiciendis voluptatem veritatis officia officiis est",
            "city": "Quisquam dolor sit aliqua Quasi et consequatur Adipisicing velit magnam architecto quia omnis aut",
            "pin_code": 1,
            "mobile_no": "911",
            "alternative_no": "911",
            "email": "gota@mailinator.com",
            "subtotal": "3794.00",
            "service_fee": "0.00",
            "shipping_fee": "0.00",
            "order_status": "Placed",
            "payment_status": "Success"
        }
    },
    {
        "model": "order.order",
        "pk": 4,
        "fields": {
            "unique_transaction_id": null,
            "razorpay_payment_id": "pay_NVZxrBmZHahdwq",
            "razorpay_order_id": "order_NVZxiUETU5okW6",
            "razorpay_signature": "b6a2e324898e3fd0c5b41b7f6ffcfa0af6f5976430b0057fb8a0ea2e060ff034",
            "created": "2024-02-01T10:16:19.498Z",
            "updated": "2024-02-01T10:16:41.570Z",
            "payable": "235.00",
            "order_id": "240201258411",
            "is_ordered": true,
            "completed_at": null,
            "payment_method": "OP",
            "full_name": "Anne Melendez",
            "address_line_1": "54 South New Court",
            "address_line_2": "Nobis odio voluptatem Quo sequi dolore et sunt esse minus excepturi proident proident vero incidu",
            "state": "Provident omnis ullamco assumenda est delectus deserunt nisi aute est animi reprehenderit",
            "district": "Ex delectus consequat Aliqua Sapiente beatae molestiae neque et quis id quo",
            "city": "Est sint aut adipisicing nostrud in velit unde omnis et dolores provident magni similique est",
            "pin_code": 1,
            "mobile_no": "911",
            "alternative_no": "911",
            "email": "huqupyqoq@mailinator.com",
            "subtotal": "235.00",
            "service_fee": "0.00",
            "shipping_fee": "0.00",
            "order_status": "Placed",
            "payment_status": "Success"
        }
    },
    {
        "model": "order.order",
        "pk": 5,
        "fields": {
            "unique_transaction_id": null,
            "razorpay_payment_id": "pay_NVaxQ10aNLhvLp",
            "razorpay_order_id": "order_NVaxAfcQDzPhn7",
            "razorpay_signature": "866b072bf0cd99e6824c09dc077b4368a28a30747395cbf26a4032843b28f05d",
            "created": "2024-02-01T11:14:31.131Z",
            "updated": "2024-02-01T11:15:00.254Z",
            "payable": "470.00",
            "order_id": "240201573200",
            "is_ordered": true,
            "completed_at": null,
            "payment_method": "OP",
            "full_name": "Naomi Bolton",
            "address_line_1": "261 Old Avenue",
            "address_line_2": "Unde totam excepteur ad nisi ut et modi et pariatur Molestias ullam in ad ullamco est est sed quo a",
            "state": "Enim nisi sint quaerat voluptatibus quia blanditiis eligendi dolor ipsum sed et qui dolore",
            "district": "Voluptatem ad molestias nulla qui ut perferendis",
            "city": "Rerum cupidatat consequatur debitis alias dolor vitae earum obcaecati quis saepe nihil omnis aperia",
            "pin_code": 21,
            "mobile_no": "9121",
            "alternative_no": "9121",
            "email": "nelahynur@mailinator.com",
            "subtotal": "470.00",
            "service_fee": "0.00",
            "shipping_fee": "0.00",
            "order_status": "Placed",
            "payment_status": "Success"
        }
    },
    {
        "model": "order.order",
        "pk": 6,
        "fields": {
            "unique_transaction_id": null,
            "razorpay_payment_id": "pay_NVazyu4kQS5BkY",
            "razorpay_order_id": "order_NVazs0TqLU01A4",
            "razorpay_signature": "b0ec297e60dcb6907ee936d4c01b53c3171fd9741eb3d4ee392f064c19b84752",
            "created": "2024-02-01T11:17:04.714Z",
            "updated": "2024-02-07T09:18:47.004Z",
            "payable": "235.00",
            "order_id": "240201AB554B",
            "is_ordered": true,
            "completed_at": null,
            "payment_method": "OP",
            "full_name": "Elizabeth Lang",
            "address_line_1": "983 Second Extension",
            "address_line_2": "Dolor modi cupidatat aut est nobis reprehenderit alias quo odio",
            "state": "Et et possimus sit doloremque quis amet quia facilis consectetur nisi velit cupiditate enim in qui dolores quis dolor necessitatibus",
            "district": "Odio neque Nam non aute",
            "city": "Molestiae vitae eos qui velit labore est eligendi",
            "pin_code": 1,
            "mobile_no": "911",
            "alternative_no": "911",
            "email": "nidutam@mailinator.com",
            "subtotal": "235.00",
            "service_fee": "0.00",
            "shipping_fee": "0.00",
            "order_status": "Placed",
            "payment_status": "Success"
        }
    },
    {
        "model": "order.order",
        "pk": 7,
        "fields": {
            "unique_transaction_id": null,
            "razorpay_payment_id": null,
            "razorpay_order_id": null,
            "razorpay_signature": null,
            "created": "2024-02-07T05:37:41.635Z",
            "updated": "2024-02-07T09:18:51.832Z",
            "payable": "986.00",
            "order_id": "240207F3A21B",
            "is_ordered": false,
            "completed_at": null,
            "payment_method": "OP",
            "full_name": "Illiana Clayton",
            "address_line_1": "26 West First Road",
            "address_line_2": "Autem eos modi eius quae veritatis quos incidunt quasi cum illum dolor est placeat et",
            "state": "Officia consequatur Explicabo Vitae qui excepteur aliquid veniam nobis quaerat omnis ea consequatur doloribus in ipsum",
            "district": "Commodo molestias sunt voluptatibus ipsam aliqua Quas dolore in suscipit obcaecati et eos in voluptatem odio excepturi quia",
            "city": "Maxime nemo enim consequat Quae tempore quae est ex aliqua Exercitationem itaque deleniti",
            "pin_code": 6,
            "mobile_no": "9194",
            "alternative_no": "91383",
            "email": "roxikotaby@mailinator.com",
            "subtotal": "986.00",
            "service_fee": "0.00",
            "shipping_fee": "0.00",
            "order_status": "Pending",
            "payment_status": "Pending"
        }
    },
    {
        "model": "order.order",
        "pk": 8,
        "fields": {
            "unique_transaction_id": null,
            "razorpay_payment_id": null,
            "razorpay_order_id": "order_NXsXKjcLeRQ74O",
            "razorpay_signature": null,
            "created": "2024-02-07T05:44:32.289Z",
            "updated": "2024-02-07T05:44:34.738Z",
            "payable": "986.00",
            "order_id": "240207072968",
            "is_ordered": false,
            "completed_at": null,
            "payment_method": "OP",
            "full_name": "Illiana Clayton",
            "address_line_1": "26 West First Road",
            "address_line_2": "Autem eos modi eius quae veritatis quos incidunt quasi cum illum dolor est placeat et",
            "state": "Officia consequatur Explicabo Vitae qui excepteur aliquid veniam nobis quaerat omnis ea consequatur doloribus in ipsum",
            "district": "Commodo molestias sunt voluptatibus ipsam aliqua Quas dolore in suscipit obcaecati et eos in voluptatem odio excepturi quia",
            "city": "Maxime nemo enim consequat Quae tempore quae est ex aliqua Exercitationem itaque deleniti",
            "pin_code": 6,
            "mobile_no": "9194",
            "alternative_no": "91383",
            "email": "roxikotaby@mailinator.com",
            "subtotal": "986.00",
            "service_fee": "0.00",
            "shipping_fee": "0.00",
            "order_status": "Pending",
            "payment_status": "Pending"
        }
    },
    {
        "model": "order.order",
        "pk": 9,
        "fields": {
            "unique_transaction_id": null,
            "razorpay_payment_id": "pay_NXxGwZmgQT3p2C",
            "razorpay_order_id": "order_NXxItkYIvExaJd",
            "razorpay_signature": "a8a9d69ce8f5687c63d91781b4ddfce3c2813c1ab95221260f3596f29d50767a",
            "created": "2024-02-07T10:22:20.722Z",
            "updated": "2024-02-07T10:26:41.835Z",
            "payable": "53.00",
            "order_id": "240207262818",
            "is_ordered": true,
            "completed_at": null,
            "payment_method": "OP",
            "full_name": "Fayas",
            "address_line_1": "505 Clarendon Freeway",
            "address_line_2": "Porro velit est omnis quae quae laborum",
            "state": "kerala",
            "district": "malappuram",
            "city": "kondotty",
            "pin_code": 625845,
            "mobile_no": "911234567897",
            "alternative_no": "911234567897",
            "email": "fayas@mailinator.com",
            "subtotal": "53.00",
            "service_fee": "0.00",
            "shipping_fee": "0.00",
            "order_status": "Placed",
            "payment_status": "Success"
        }
    },
    {
        "model": "order.order",
        "pk": 10,
        "fields": {
            "unique_transaction_id": null,
            "razorpay_payment_id": null,
            "razorpay_order_id": null,
            "razorpay_signature": null,
            "created": "2024-02-07T11:35:24.335Z",
            "updated": "2024-02-08T11:42:45.138Z",
            "payable": "297.00",
            "order_id": "240207FE3B79",
            "is_ordered": true,
            "completed_at": null,
            "payment_method": "COD",
            "full_name": "safvan",
            "address_line_1": "599 Green Old Drive",
            "address_line_2": "Aut sint est rerum laboriosam eligendi quidem aspernatur aut nihil quae aut esse tempore expedit",
            "state": "Quibusdam nulla consequatur Quo nostrud sunt consequatur Possimus alias molestias et",
            "district": "Fuga Laborum Sed magni in non aut quas ullamco incidunt est dolore qui aliqua Laboris ut",
            "city": "Distinctio Mollitia in ullamco consequatur in itaque ad qui quia nemo earum modi et autem dolores",
            "pin_code": 147,
            "mobile_no": "91147",
            "alternative_no": "91147",
            "email": "safvan@mailinator.com",
            "subtotal": "272.00",
            "service_fee": "25.00",
            "shipping_fee": "0.00",
            "order_status": "Placed",
            "payment_status": "Pending"
        }
    },
    {
        "model": "order.order",
        "pk": 11,
        "fields": {
            "unique_transaction_id": null,
            "razorpay_payment_id": null,
            "razorpay_order_id": null,
            "razorpay_signature": null,
            "created": "2024-02-08T11:08:30.884Z",
            "updated": "2024-02-08T11:08:30.884Z",
            "payable": "260.00",
            "order_id": "240208046AB6",
            "is_ordered": false,
            "completed_at": null,
            "payment_method": "COD",
            "full_name": "Niyas",
            "address_line_1": "378 Old Parkway",
            "address_line_2": "Odit eius ullamco explicabo Voluptate laboris aut Nam anim nisi et quos voluptate enim quis",
            "state": "Odit suscipit tempor consequatur In",
            "district": "Placeat est est enim nostrum ad in cupidatat aut id unde dolorem optio",
            "city": "Nisi occaecat eum saepe culpa eum perspiciatis voluptas et ullam eos ut mollitia dolor exercitati",
            "pin_code": 89,
            "mobile_no": "9189",
            "alternative_no": "9189",
            "email": "bakaxehi@mailinator.com",
            "subtotal": "235.00",
            "service_fee": "25.00",
            "shipping_fee": "0.00",
            "order_status": "Pending",
            "payment_status": "Pending"
        }
    },
    {
        "model": "order.order",
        "pk": 12,
        "fields": {
            "unique_transaction_id": null,
            "razorpay_payment_id": null,
            "razorpay_order_id": null,
            "razorpay_signature": null,
            "created": "2024-02-08T11:13:52.419Z",
            "updated": "2024-02-08T11:13:52.419Z",
            "payable": "260.00",
            "order_id": "240208BD8D0D",
            "is_ordered": false,
            "completed_at": null,
            "payment_method": "COD",
            "full_name": "Niyas",
            "address_line_1": "378 Old Parkway",
            "address_line_2": "Odit eius ullamco explicabo Voluptate laboris aut Nam anim nisi et quos voluptate enim quis",
            "state": "Odit suscipit tempor consequatur In",
            "district": "Placeat est est enim nostrum ad in cupidatat aut id unde dolorem optio",
            "city": "Nisi occaecat eum saepe culpa eum perspiciatis voluptas et ullam eos ut mollitia dolor exercitati",
            "pin_code": 89,
            "mobile_no": "9189",
            "alternative_no": "9189",
            "email": "bakaxehi@mailinator.com",
            "subtotal": "235.00",
            "service_fee": "25.00",
            "shipping_fee": "0.00",
            "order_status": "Pending",
            "payment_status": "Pending"
        }
    },
    {
        "model": "order.order",
        "pk": 13,
        "fields": {
            "unique_transaction_id": null,
            "razorpay_payment_id": null,
            "razorpay_order_id": null,
            "razorpay_signature": null,
            "created": "2024-02-08T11:13:55.537Z",
            "updated": "2024-02-08T11:13:55.537Z",
            "payable": "260.00",
            "order_id": "240208841206",
            "is_ordered": false,
            "completed_at": null,
            "payment_method": "COD",
            "full_name": "Niyas",
            "address_line_1": "378 Old Parkway",
            "address_line_2": "Odit eius ullamco explicabo Voluptate laboris aut Nam anim nisi et quos voluptate enim quis",
            "state": "Odit suscipit tempor consequatur In",
            "district": "Placeat est est enim nostrum ad in cupidatat aut id unde dolorem optio",
            "city": "Nisi occaecat eum saepe culpa eum perspiciatis voluptas et ullam eos ut mollitia dolor exercitati",
            "pin_code": 89,
            "mobile_no": "9189",
            "alternative_no": "9189",
            "email": "bakaxehi@mailinator.com",
            "subtotal": "235.00",
            "service_fee": "25.00",
            "shipping_fee": "0.00",
            "order_status": "Pending",
            "payment_status": "Pending"
        }
    },
    {
        "model": "order.order",
        "pk": 14,
        "fields": {
            "unique_transaction_id": null,
            "razorpay_payment_id": null,
            "razorpay_order_id": null,
            "razorpay_signature": null,
            "created": "2024-02-08T11:17:09.266Z",
            "updated": "2024-02-08T11:17:09.266Z",
            "payable": "260.00",
            "order_id": "24020815C4B9",
            "is_ordered": false,
            "completed_at": null,
            "payment_method": "COD",
            "full_name": "Tanisha Cleveland",
            "address_line_1": "87 East Oak Boulevard",
            "address_line_2": "Laborum earum et nostrum perspiciatis aut consequat Non doloremque et fugiat",
            "state": "Deserunt voluptatem mollitia proident inventore laborum id et minima est dolores ut ut non in omnis facilis error et nostrum",
            "district": "Laboris voluptatum et non deserunt porro id ut magnam occaecat aliquip",
            "city": "Voluptatem Veritatis sunt ducimus veniam quia et vero possimus laboriosam cillum dolore ad",
            "pin_code": 4,
            "mobile_no": "914",
            "alternative_no": "914",
            "email": "quqiq@mailinator.com",
            "subtotal": "235.00",
            "service_fee": "25.00",
            "shipping_fee": "0.00",
            "order_status": "Pending",
            "payment_status": "Pending"
        }
    },
    {
        "model": "order.order",
        "pk": 15,
        "fields": {
            "unique_transaction_id": null,
            "razorpay_payment_id": null,
            "razorpay_order_id": null,
            "razorpay_signature": null,
            "created": "2024-02-08T11:18:15.481Z",
            "updated": "2024-02-08T11:18:15.481Z",
            "payable": "260.00",
            "order_id": "24020803A360",
            "is_ordered": false,
            "completed_at": null,
            "payment_method": "COD",
            "full_name": "Tanisha Cleveland",
            "address_line_1": "87 East Oak Boulevard",
            "address_line_2": "Laborum earum et nostrum perspiciatis aut consequat Non doloremque et fugiat",
            "state": "Deserunt voluptatem mollitia proident inventore laborum id et minima est dolores ut ut non in omnis facilis error et nostrum",
            "district": "Laboris voluptatum et non deserunt porro id ut magnam occaecat aliquip",
            "city": "Voluptatem Veritatis sunt ducimus veniam quia et vero possimus laboriosam cillum dolore ad",
            "pin_code": 4,
            "mobile_no": "914",
            "alternative_no": "914",
            "email": "quqiq@mailinator.com",
            "subtotal": "235.00",
            "service_fee": "25.00",
            "shipping_fee": "0.00",
            "order_status": "Pending",
            "payment_status": "Pending"
        }
    },
    {
        "model": "order.order",
        "pk": 16,
        "fields": {
            "unique_transaction_id": null,
            "razorpay_payment_id": null,
            "razorpay_order_id": null,
            "razorpay_signature": null,
            "created": "2024-02-08T11:18:41.291Z",
            "updated": "2024-02-08T11:18:41.291Z",
            "payable": "260.00",
            "order_id": "240208AFF4B1",
            "is_ordered": false,
            "completed_at": null,
            "payment_method": "COD",
            "full_name": "Tanisha Cleveland",
            "address_line_1": "87 East Oak Boulevard",
            "address_line_2": "Laborum earum et nostrum perspiciatis aut consequat Non doloremque et fugiat",
            "state": "Deserunt voluptatem mollitia proident inventore laborum id et minima est dolores ut ut non in omnis facilis error et nostrum",
            "district": "Laboris voluptatum et non deserunt porro id ut magnam occaecat aliquip",
            "city": "Voluptatem Veritatis sunt ducimus veniam quia et vero possimus laboriosam cillum dolore ad",
            "pin_code": 4,
            "mobile_no": "914",
            "alternative_no": "914",
            "email": "quqiq@mailinator.com",
            "subtotal": "235.00",
            "service_fee": "25.00",
            "shipping_fee": "0.00",
            "order_status": "Pending",
            "payment_status": "Pending"
        }
    },
    {
        "model": "order.order",
        "pk": 17,
        "fields": {
            "unique_transaction_id": null,
            "razorpay_payment_id": null,
            "razorpay_order_id": null,
            "razorpay_signature": null,
            "created": "2024-02-08T11:19:14.621Z",
            "updated": "2024-02-08T11:19:14.621Z",
            "payable": "260.00",
            "order_id": "240208710922",
            "is_ordered": false,
            "completed_at": null,
            "payment_method": "COD",
            "full_name": "Tanisha Cleveland",
            "address_line_1": "87 East Oak Boulevard",
            "address_line_2": "Laborum earum et nostrum perspiciatis aut consequat Non doloremque et fugiat",
            "state": "Deserunt voluptatem mollitia proident inventore laborum id et minima est dolores ut ut non in omnis facilis error et nostrum",
            "district": "Laboris voluptatum et non deserunt porro id ut magnam occaecat aliquip",
            "city": "Voluptatem Veritatis sunt ducimus veniam quia et vero possimus laboriosam cillum dolore ad",
            "pin_code": 4,
            "mobile_no": "914",
            "alternative_no": "914",
            "email": "quqiq@mailinator.com",
            "subtotal": "235.00",
            "service_fee": "25.00",
            "shipping_fee": "0.00",
            "order_status": "Pending",
            "payment_status": "Pending"
        }
    },
    {
        "model": "order.order",
        "pk": 18,
        "fields": {
            "unique_transaction_id": null,
            "razorpay_payment_id": null,
            "razorpay_order_id": null,
            "razorpay_signature": null,
            "created": "2024-02-08T11:20:21.893Z",
            "updated": "2024-02-08T11:20:21.893Z",
            "payable": "260.00",
            "order_id": "2402080DADA8",
            "is_ordered": false,
            "completed_at": null,
            "payment_method": "COD",
            "full_name": "Tanisha Cleveland",
            "address_line_1": "87 East Oak Boulevard",
            "address_line_2": "Laborum earum et nostrum perspiciatis aut consequat Non doloremque et fugiat",
            "state": "Deserunt voluptatem mollitia proident inventore laborum id et minima est dolores ut ut non in omnis facilis error et nostrum",
            "district": "Laboris voluptatum et non deserunt porro id ut magnam occaecat aliquip",
            "city": "Voluptatem Veritatis sunt ducimus veniam quia et vero possimus laboriosam cillum dolore ad",
            "pin_code": 4,
            "mobile_no": "914",
            "alternative_no": "914",
            "email": "quqiq@mailinator.com",
            "subtotal": "235.00",
            "service_fee": "25.00",
            "shipping_fee": "0.00",
            "order_status": "Pending",
            "payment_status": "Pending"
        }
    },
    {
        "model": "order.order",
        "pk": 19,
        "fields": {
            "unique_transaction_id": null,
            "razorpay_payment_id": null,
            "razorpay_order_id": null,
            "razorpay_signature": null,
            "created": "2024-02-08T11:20:24.243Z",
            "updated": "2024-02-08T11:20:24.243Z",
            "payable": "260.00",
            "order_id": "240208CF14AF",
            "is_ordered": false,
            "completed_at": null,
            "payment_method": "COD",
            "full_name": "Tanisha Cleveland",
            "address_line_1": "87 East Oak Boulevard",
            "address_line_2": "Laborum earum et nostrum perspiciatis aut consequat Non doloremque et fugiat",
            "state": "Deserunt voluptatem mollitia proident inventore laborum id et minima est dolores ut ut non in omnis facilis error et nostrum",
            "district": "Laboris voluptatum et non deserunt porro id ut magnam occaecat aliquip",
            "city": "Voluptatem Veritatis sunt ducimus veniam quia et vero possimus laboriosam cillum dolore ad",
            "pin_code": 4,
            "mobile_no": "914",
            "alternative_no": "914",
            "email": "quqiq@mailinator.com",
            "subtotal": "235.00",
            "service_fee": "25.00",
            "shipping_fee": "0.00",
            "order_status": "Pending",
            "payment_status": "Pending"
        }
    },
    {
        "model": "order.order",
        "pk": 20,
        "fields": {
            "unique_transaction_id": null,
            "razorpay_payment_id": null,
            "razorpay_order_id": null,
            "razorpay_signature": null,
            "created": "2024-02-08T11:26:23.875Z",
            "updated": "2024-02-08T11:26:23.875Z",
            "payable": "260.00",
            "order_id": "2402082F97FB",
            "is_ordered": false,
            "completed_at": null,
            "payment_method": "COD",
            "full_name": "Tanisha Cleveland",
            "address_line_1": "87 East Oak Boulevard",
            "address_line_2": "Laborum earum et nostrum perspiciatis aut consequat Non doloremque et fugiat",
            "state": "Deserunt voluptatem mollitia proident inventore laborum id et minima est dolores ut ut non in omnis facilis error et nostrum",
            "district": "Laboris voluptatum et non deserunt porro id ut magnam occaecat aliquip",
            "city": "Voluptatem Veritatis sunt ducimus veniam quia et vero possimus laboriosam cillum dolore ad",
            "pin_code": 4,
            "mobile_no": "914",
            "alternative_no": "914",
            "email": "quqiq@mailinator.com",
            "subtotal": "235.00",
            "service_fee": "25.00",
            "shipping_fee": "0.00",
            "order_status": "Pending",
            "payment_status": "Pending"
        }
    },
    {
        "model": "order.order",
        "pk": 21,
        "fields": {
            "unique_transaction_id": null,
            "razorpay_payment_id": null,
            "razorpay_order_id": null,
            "razorpay_signature": null,
            "created": "2024-02-08T11:26:26.787Z",
            "updated": "2024-02-08T11:26:26.787Z",
            "payable": "260.00",
            "order_id": "240208866BBD",
            "is_ordered": false,
            "completed_at": null,
            "payment_method": "COD",
            "full_name": "Tanisha Cleveland",
            "address_line_1": "87 East Oak Boulevard",
            "address_line_2": "Laborum earum et nostrum perspiciatis aut consequat Non doloremque et fugiat",
            "state": "Deserunt voluptatem mollitia proident inventore laborum id et minima est dolores ut ut non in omnis facilis error et nostrum",
            "district": "Laboris voluptatum et non deserunt porro id ut magnam occaecat aliquip",
            "city": "Voluptatem Veritatis sunt ducimus veniam quia et vero possimus laboriosam cillum dolore ad",
            "pin_code": 4,
            "mobile_no": "914",
            "alternative_no": "914",
            "email": "quqiq@mailinator.com",
            "subtotal": "235.00",
            "service_fee": "25.00",
            "shipping_fee": "0.00",
            "order_status": "Pending",
            "payment_status": "Pending"
        }
    },
    {
        "model": "order.order",
        "pk": 22,
        "fields": {
            "unique_transaction_id": null,
            "razorpay_payment_id": null,
            "razorpay_order_id": null,
            "razorpay_signature": null,
            "created": "2024-02-08T11:27:19.057Z",
            "updated": "2024-02-08T11:27:19.057Z",
            "payable": "260.00",
            "order_id": "24020870BB1B",
            "is_ordered": false,
            "completed_at": null,
            "payment_method": "COD",
            "full_name": "Tanisha Cleveland",
            "address_line_1": "87 East Oak Boulevard",
            "address_line_2": "Laborum earum et nostrum perspiciatis aut consequat Non doloremque et fugiat",
            "state": "Deserunt voluptatem mollitia proident inventore laborum id et minima est dolores ut ut non in omnis facilis error et nostrum",
            "district": "Laboris voluptatum et non deserunt porro id ut magnam occaecat aliquip",
            "city": "Voluptatem Veritatis sunt ducimus veniam quia et vero possimus laboriosam cillum dolore ad",
            "pin_code": 4,
            "mobile_no": "914",
            "alternative_no": "914",
            "email": "quqiq@mailinator.com",
            "subtotal": "235.00",
            "service_fee": "25.00",
            "shipping_fee": "0.00",
            "order_status": "Pending",
            "payment_status": "Pending"
        }
    },
    {
        "model": "order.order",
        "pk": 23,
        "fields": {
            "unique_transaction_id": null,
            "razorpay_payment_id": null,
            "razorpay_order_id": null,
            "razorpay_signature": null,
            "created": "2024-02-08T11:29:14.219Z",
            "updated": "2024-02-08T11:29:14.219Z",
            "payable": "260.00",
            "order_id": "240208BDEA77",
            "is_ordered": false,
            "completed_at": null,
            "payment_method": "COD",
            "full_name": "Tanisha Cleveland",
            "address_line_1": "87 East Oak Boulevard",
            "address_line_2": "Laborum earum et nostrum perspiciatis aut consequat Non doloremque et fugiat",
            "state": "Deserunt voluptatem mollitia proident inventore laborum id et minima est dolores ut ut non in omnis facilis error et nostrum",
            "district": "Laboris voluptatum et non deserunt porro id ut magnam occaecat aliquip",
            "city": "Voluptatem Veritatis sunt ducimus veniam quia et vero possimus laboriosam cillum dolore ad",
            "pin_code": 4,
            "mobile_no": "914",
            "alternative_no": "914",
            "email": "quqiq@mailinator.com",
            "subtotal": "235.00",
            "service_fee": "25.00",
            "shipping_fee": "0.00",
            "order_status": "Pending",
            "payment_status": "Pending"
        }
    },
    {
        "model": "order.order",
        "pk": 24,
        "fields": {
            "unique_transaction_id": null,
            "razorpay_payment_id": null,
            "razorpay_order_id": null,
            "razorpay_signature": null,
            "created": "2024-02-08T11:30:59.366Z",
            "updated": "2024-02-08T11:30:59.366Z",
            "payable": "260.00",
            "order_id": "240208F2AFC4",
            "is_ordered": false,
            "completed_at": null,
            "payment_method": "COD",
            "full_name": "Tanisha Cleveland",
            "address_line_1": "87 East Oak Boulevard",
            "address_line_2": "Laborum earum et nostrum perspiciatis aut consequat Non doloremque et fugiat",
            "state": "Deserunt voluptatem mollitia proident inventore laborum id et minima est dolores ut ut non in omnis facilis error et nostrum",
            "district": "Laboris voluptatum et non deserunt porro id ut magnam occaecat aliquip",
            "city": "Voluptatem Veritatis sunt ducimus veniam quia et vero possimus laboriosam cillum dolore ad",
            "pin_code": 4,
            "mobile_no": "914",
            "alternative_no": "914",
            "email": "quqiq@mailinator.com",
            "subtotal": "235.00",
            "service_fee": "25.00",
            "shipping_fee": "0.00",
            "order_status": "Pending",
            "payment_status": "Pending"
        }
    },
    {
        "model": "order.order",
        "pk": 25,
        "fields": {
            "unique_transaction_id": null,
            "razorpay_payment_id": null,
            "razorpay_order_id": null,
            "razorpay_signature": null,
            "created": "2024-02-08T11:31:26.578Z",
            "updated": "2024-02-08T11:31:26.578Z",
            "payable": "260.00",
            "order_id": "2402086EDCB6",
            "is_ordered": false,
            "completed_at": null,
            "payment_method": "COD",
            "full_name": "Tanisha Cleveland",
            "address_line_1": "87 East Oak Boulevard",
            "address_line_2": "Laborum earum et nostrum perspiciatis aut consequat Non doloremque et fugiat",
            "state": "Deserunt voluptatem mollitia proident inventore laborum id et minima est dolores ut ut non in omnis facilis error et nostrum",
            "district": "Laboris voluptatum et non deserunt porro id ut magnam occaecat aliquip",
            "city": "Voluptatem Veritatis sunt ducimus veniam quia et vero possimus laboriosam cillum dolore ad",
            "pin_code": 4,
            "mobile_no": "914",
            "alternative_no": "914",
            "email": "quqiq@mailinator.com",
            "subtotal": "235.00",
            "service_fee": "25.00",
            "shipping_fee": "0.00",
            "order_status": "Pending",
            "payment_status": "Pending"
        }
    },
    {
        "model": "order.order",
        "pk": 26,
        "fields": {
            "unique_transaction_id": null,
            "razorpay_payment_id": null,
            "razorpay_order_id": null,
            "razorpay_signature": null,
            "created": "2024-02-08T11:34:40.953Z",
            "updated": "2024-02-08T11:34:40.953Z",
            "payable": "260.00",
            "order_id": "240208B2716E",
            "is_ordered": false,
            "completed_at": null,
            "payment_method": "COD",
            "full_name": "Tanisha Cleveland",
            "address_line_1": "87 East Oak Boulevard",
            "address_line_2": "Laborum earum et nostrum perspiciatis aut consequat Non doloremque et fugiat",
            "state": "Deserunt voluptatem mollitia proident inventore laborum id et minima est dolores ut ut non in omnis facilis error et nostrum",
            "district": "Laboris voluptatum et non deserunt porro id ut magnam occaecat aliquip",
            "city": "Voluptatem Veritatis sunt ducimus veniam quia et vero possimus laboriosam cillum dolore ad",
            "pin_code": 4,
            "mobile_no": "914",
            "alternative_no": "914",
            "email": "quqiq@mailinator.com",
            "subtotal": "235.00",
            "service_fee": "25.00",
            "shipping_fee": "0.00",
            "order_status": "Pending",
            "payment_status": "Pending"
        }
    },
    {
        "model": "order.order",
        "pk": 27,
        "fields": {
            "unique_transaction_id": null,
            "razorpay_payment_id": null,
            "razorpay_order_id": null,
            "razorpay_signature": null,
            "created": "2024-02-08T11:35:01.062Z",
            "updated": "2024-02-08T11:35:01.062Z",
            "payable": "260.00",
            "order_id": "240208A237FE",
            "is_ordered": false,
            "completed_at": null,
            "payment_method": "COD",
            "full_name": "Tanisha Cleveland",
            "address_line_1": "87 East Oak Boulevard",
            "address_line_2": "Laborum earum et nostrum perspiciatis aut consequat Non doloremque et fugiat",
            "state": "Deserunt voluptatem mollitia proident inventore laborum id et minima est dolores ut ut non in omnis facilis error et nostrum",
            "district": "Laboris voluptatum et non deserunt porro id ut magnam occaecat aliquip",
            "city": "Voluptatem Veritatis sunt ducimus veniam quia et vero possimus laboriosam cillum dolore ad",
            "pin_code": 4,
            "mobile_no": "914",
            "alternative_no": "914",
            "email": "quqiq@mailinator.com",
            "subtotal": "235.00",
            "service_fee": "25.00",
            "shipping_fee": "0.00",
            "order_status": "Pending",
            "payment_status": "Pending"
        }
    },
    {
        "model": "order.order",
        "pk": 28,
        "fields": {
            "unique_transaction_id": null,
            "razorpay_payment_id": null,
            "razorpay_order_id": null,
            "razorpay_signature": null,
            "created": "2024-02-08T11:38:27.795Z",
            "updated": "2024-02-08T11:38:27.795Z",
            "payable": "260.00",
            "order_id": "240208AEF3B2",
            "is_ordered": false,
            "completed_at": null,
            "payment_method": "COD",
            "full_name": "Tanisha Cleveland",
            "address_line_1": "87 East Oak Boulevard",
            "address_line_2": "Laborum earum et nostrum perspiciatis aut consequat Non doloremque et fugiat",
            "state": "Deserunt voluptatem mollitia proident inventore laborum id et minima est dolores ut ut non in omnis facilis error et nostrum",
            "district": "Laboris voluptatum et non deserunt porro id ut magnam occaecat aliquip",
            "city": "Voluptatem Veritatis sunt ducimus veniam quia et vero possimus laboriosam cillum dolore ad",
            "pin_code": 4,
            "mobile_no": "914",
            "alternative_no": "914",
            "email": "quqiq@mailinator.com",
            "subtotal": "235.00",
            "service_fee": "25.00",
            "shipping_fee": "0.00",
            "order_status": "Pending",
            "payment_status": "Pending"
        }
    },
    {
        "model": "order.order",
        "pk": 29,
        "fields": {
            "unique_transaction_id": null,
            "razorpay_payment_id": null,
            "razorpay_order_id": null,
            "razorpay_signature": null,
            "created": "2024-02-08T11:40:12.478Z",
            "updated": "2024-02-08T11:40:12.625Z",
            "payable": "260.00",
            "order_id": "240208B58AA4",
            "is_ordered": true,
            "completed_at": null,
            "payment_method": "COD",
            "full_name": "Tanisha Cleveland",
            "address_line_1": "87 East Oak Boulevard",
            "address_line_2": "Laborum earum et nostrum perspiciatis aut consequat Non doloremque et fugiat",
            "state": "Deserunt voluptatem mollitia proident inventore laborum id et minima est dolores ut ut non in omnis facilis error et nostrum",
            "district": "Laboris voluptatum et non deserunt porro id ut magnam occaecat aliquip",
            "city": "Voluptatem Veritatis sunt ducimus veniam quia et vero possimus laboriosam cillum dolore ad",
            "pin_code": 4,
            "mobile_no": "914",
            "alternative_no": "914",
            "email": "quqiq@mailinator.com",
            "subtotal": "235.00",
            "service_fee": "25.00",
            "shipping_fee": "0.00",
            "order_status": "Placed",
            "payment_status": "Pending"
        }
    },
    {
        "model": "order.order",
        "pk": 30,
        "fields": {
            "unique_transaction_id": null,
            "razorpay_payment_id": null,
            "razorpay_order_id": null,
            "razorpay_signature": null,
            "created": "2024-02-08T11:41:22.051Z",
            "updated": "2024-02-08T11:42:34.945Z",
            "payable": "260.00",
            "order_id": "240208A0362C",
            "is_ordered": true,
            "completed_at": null,
            "payment_method": "COD",
            "full_name": "rafi",
            "address_line_1": "621 East First Freeway",
            "address_line_2": "Mollit sunt excepturi animi hic accusamus possimus eum in quis consequuntur tempor quia laborum E",
            "state": "Sint quasi voluptate commodo error illo hic ut officia deserunt iusto consectetur iste velit aliquid unde",
            "district": "Ab facilis voluptatem nihil dolores perferendis consectetur quisquam aliquid neque quis facilis incididunt et duis a obcaecati aliquam omnis ex",
            "city": "Dolor quaerat id et rem enim",
            "pin_code": 12,
            "mobile_no": "9112",
            "alternative_no": "9112",
            "email": "gekozu@mailinator.com",
            "subtotal": "235.00",
            "service_fee": "25.00",
            "shipping_fee": "0.00",
            "order_status": "Placed",
            "payment_status": "Pending"
        }
    },
    {
        "model": "order.order",
        "pk": 31,
        "fields": {
            "unique_transaction_id": null,
            "razorpay_payment_id": null,
            "razorpay_order_id": null,
            "razorpay_signature": null,
            "created": "2024-02-08T11:43:20.689Z",
            "updated": "2024-02-08T11:43:20.689Z",
            "payable": "260.00",
            "order_id": "2402084E8FA5",
            "is_ordered": false,
            "completed_at": null,
            "payment_method": "COD",
            "full_name": "kk",
            "address_line_1": "701 North Nobel Parkway",
            "address_line_2": "Quas dolore rerum ullam esse repellendus Voluptatem voluptatem vel alias quo alias quas dolores ver",
            "state": "Temporibus explicabo Cupidatat est ad id eos laborum commodo nulla aut laboris voluptas lorem est ex",
            "district": "Aliquip dolorem commodo ex molestias est",
            "city": "Ipsa nesciunt non qui vitae",
            "pin_code": 4,
            "mobile_no": "91415",
            "alternative_no": "914",
            "email": "kkf@mailinator.com",
            "subtotal": "235.00",
            "service_fee": "25.00",
            "shipping_fee": "0.00",
            "order_status": "Pending",
            "payment_status": "Pending"
        }
    },
    {
        "model": "order.order",
        "pk": 32,
        "fields": {
            "unique_transaction_id": null,
            "razorpay_payment_id": null,
            "razorpay_order_id": null,
            "razorpay_signature": null,
            "created": "2024-02-08T11:44:12.154Z",
            "updated": "2024-02-08T11:44:12.154Z",
            "payable": "260.00",
            "order_id": "24020886A7D6",
            "is_ordered": false,
            "completed_at": null,
            "payment_method": "COD",
            "full_name": "kk",
            "address_line_1": "701 North Nobel Parkway",
            "address_line_2": "Quas dolore rerum ullam esse repellendus Voluptatem voluptatem vel alias quo alias quas dolores ver",
            "state": "Temporibus explicabo Cupidatat est ad id eos laborum commodo nulla aut laboris voluptas lorem est ex",
            "district": "Aliquip dolorem commodo ex molestias est",
            "city": "Ipsa nesciunt non qui vitae",
            "pin_code": 4,
            "mobile_no": "91415",
            "alternative_no": "914",
            "email": "kkf@mailinator.com",
            "subtotal": "235.00",
            "service_fee": "25.00",
            "shipping_fee": "0.00",
            "order_status": "Pending",
            "payment_status": "Pending"
        }
    },
    {
        "model": "order.order",
        "pk": 33,
        "fields": {
            "unique_transaction_id": null,
            "razorpay_payment_id": null,
            "razorpay_order_id": null,
            "razorpay_signature": null,
            "created": "2024-02-08T11:45:20.443Z",
            "updated": "2024-02-08T11:45:20.443Z",
            "payable": "260.00",
            "order_id": "2402081C91D4",
            "is_ordered": false,
            "completed_at": null,
            "payment_method": "COD",
            "full_name": "kk",
            "address_line_1": "701 North Nobel Parkway",
            "address_line_2": "Quas dolore rerum ullam esse repellendus Voluptatem voluptatem vel alias quo alias quas dolores ver",
            "state": "Temporibus explicabo Cupidatat est ad id eos laborum commodo nulla aut laboris voluptas lorem est ex",
            "district": "Aliquip dolorem commodo ex molestias est",
            "city": "Ipsa nesciunt non qui vitae",
            "pin_code": 4,
            "mobile_no": "91415",
            "alternative_no": "914",
            "email": "kkf@mailinator.com",
            "subtotal": "235.00",
            "service_fee": "25.00",
            "shipping_fee": "0.00",
            "order_status": "Pending",
            "payment_status": "Pending"
        }
    },
    {
        "model": "order.order",
        "pk": 34,
        "fields": {
            "unique_transaction_id": null,
            "razorpay_payment_id": null,
            "razorpay_order_id": null,
            "razorpay_signature": null,
            "created": "2024-02-08T11:45:22.585Z",
            "updated": "2024-02-08T11:45:22.585Z",
            "payable": "260.00",
            "order_id": "2402081D1D66",
            "is_ordered": false,
            "completed_at": null,
            "payment_method": "COD",
            "full_name": "kk",
            "address_line_1": "701 North Nobel Parkway",
            "address_line_2": "Quas dolore rerum ullam esse repellendus Voluptatem voluptatem vel alias quo alias quas dolores ver",
            "state": "Temporibus explicabo Cupidatat est ad id eos laborum commodo nulla aut laboris voluptas lorem est ex",
            "district": "Aliquip dolorem commodo ex molestias est",
            "city": "Ipsa nesciunt non qui vitae",
            "pin_code": 4,
            "mobile_no": "91415",
            "alternative_no": "914",
            "email": "kkf@mailinator.com",
            "subtotal": "235.00",
            "service_fee": "25.00",
            "shipping_fee": "0.00",
            "order_status": "Pending",
            "payment_status": "Pending"
        }
    },
    {
        "model": "order.order",
        "pk": 35,
        "fields": {
            "unique_transaction_id": null,
            "razorpay_payment_id": null,
            "razorpay_order_id": null,
            "razorpay_signature": null,
            "created": "2024-02-08T11:46:20.031Z",
            "updated": "2024-02-08T11:46:20.031Z",
            "payable": "260.00",
            "order_id": "2402085CF2FF",
            "is_ordered": false,
            "completed_at": null,
            "payment_method": "COD",
            "full_name": "kk",
            "address_line_1": "701 North Nobel Parkway",
            "address_line_2": "Quas dolore rerum ullam esse repellendus Voluptatem voluptatem vel alias quo alias quas dolores ver",
            "state": "Temporibus explicabo Cupidatat est ad id eos laborum commodo nulla aut laboris voluptas lorem est ex",
            "district": "Aliquip dolorem commodo ex molestias est",
            "city": "Ipsa nesciunt non qui vitae",
            "pin_code": 4,
            "mobile_no": "91415",
            "alternative_no": "914",
            "email": "kkf@mailinator.com",
            "subtotal": "235.00",
            "service_fee": "25.00",
            "shipping_fee": "0.00",
            "order_status": "Pending",
            "payment_status": "Pending"
        }
    },
    {
        "model": "order.order",
        "pk": 36,
        "fields": {
            "unique_transaction_id": null,
            "razorpay_payment_id": null,
            "razorpay_order_id": null,
            "razorpay_signature": null,
            "created": "2024-02-08T11:46:26.179Z",
            "updated": "2024-02-08T11:46:26.179Z",
            "payable": "260.00",
            "order_id": "240208F48CF3",
            "is_ordered": false,
            "completed_at": null,
            "payment_method": "COD",
            "full_name": "kk",
            "address_line_1": "701 North Nobel Parkway",
            "address_line_2": "Quas dolore rerum ullam esse repellendus Voluptatem voluptatem vel alias quo alias quas dolores ver",
            "state": "Temporibus explicabo Cupidatat est ad id eos laborum commodo nulla aut laboris voluptas lorem est ex",
            "district": "Aliquip dolorem commodo ex molestias est",
            "city": "Ipsa nesciunt non qui vitae",
            "pin_code": 4,
            "mobile_no": "91415",
            "alternative_no": "914",
            "email": "kkf@mailinator.com",
            "subtotal": "235.00",
            "service_fee": "25.00",
            "shipping_fee": "0.00",
            "order_status": "Pending",
            "payment_status": "Pending"
        }
    },
    {
        "model": "order.order",
        "pk": 37,
        "fields": {
            "unique_transaction_id": null,
            "razorpay_payment_id": null,
            "razorpay_order_id": null,
            "razorpay_signature": null,
            "created": "2024-02-08T11:46:37.078Z",
            "updated": "2024-02-08T11:56:29.043Z",
            "payable": "260.00",
            "order_id": "24020808F576",
            "is_ordered": true,
            "completed_at": null,
            "payment_method": "COD",
            "full_name": "kk",
            "address_line_1": "701 North Nobel Parkway",
            "address_line_2": "Quas dolore rerum ullam esse repellendus Voluptatem voluptatem vel alias quo alias quas dolores ver",
            "state": "Temporibus explicabo Cupidatat est ad id eos laborum commodo nulla aut laboris voluptas lorem est ex",
            "district": "Aliquip dolorem commodo ex molestias est",
            "city": "Ipsa nesciunt non qui vitae",
            "pin_code": 4,
            "mobile_no": "91415",
            "alternative_no": "914",
            "email": "kkf@mailinator.com",
            "subtotal": "235.00",
            "service_fee": "25.00",
            "shipping_fee": "0.00",
            "order_status": "Placed",
            "payment_status": "Pending"
        }
    },
    {
        "model": "order.order",
        "pk": 38,
        "fields": {
            "unique_transaction_id": null,
            "razorpay_payment_id": null,
            "razorpay_order_id": "order_NYNFNzFheBMOpf",
            "razorpay_signature": null,
            "created": "2024-02-08T11:47:03.185Z",
            "updated": "2024-02-08T11:47:05.245Z",
            "payable": "272.00",
            "order_id": "2402084A5F8E",
            "is_ordered": false,
            "completed_at": null,
            "payment_method": "OP",
            "full_name": "q",
            "address_line_1": "13 Rocky Oak Road",
            "address_line_2": "Aspernatur delectus est dolores sed tempor",
            "state": "Ullamco eos cupiditate laborum obcaecati voluptas aliqua Optio at praesentium",
            "district": "Sed fugiat amet perspiciatis nostrum culpa aut omnis cupidatat eu aperiam ut architecto maiores lorem et incididunt laborum Ullam ea",
            "city": "In voluptatem in occaecat accusamus",
            "pin_code": 1,
            "mobile_no": "911",
            "alternative_no": "911",
            "email": "xito@mailinator.com",
            "subtotal": "272.00",
            "service_fee": "0.00",
            "shipping_fee": "0.00",
            "order_status": "Pending",
            "payment_status": "Pending"
        }
    },
    {
        "model": "order.order",
        "pk": 39,
        "fields": {
            "unique_transaction_id": null,
            "razorpay_payment_id": null,
            "razorpay_order_id": null,
            "razorpay_signature": null,
            "created": "2024-02-08T11:47:16.788Z",
            "updated": "2024-02-08T11:56:08.257Z",
            "payable": "297.00",
            "order_id": "2402082A2FB5",
            "is_ordered": true,
            "completed_at": null,
            "payment_method": "COD",
            "full_name": "q",
            "address_line_1": "13 Rocky Oak Road",
            "address_line_2": "Aspernatur delectus est dolores sed tempor",
            "state": "Ullamco eos cupiditate laborum obcaecati voluptas aliqua Optio at praesentium",
            "district": "Sed fugiat amet perspiciatis nostrum culpa aut omnis cupidatat eu aperiam ut architecto maiores lorem et incididunt laborum Ullam ea",
            "city": "In voluptatem in occaecat accusamus",
            "pin_code": 1,
            "mobile_no": "911",
            "alternative_no": "911",
            "email": "xito@mailinator.com",
            "subtotal": "272.00",
            "service_fee": "25.00",
            "shipping_fee": "0.00",
            "order_status": "Placed",
            "payment_status": "Pending"
        }
    },
    {
        "model": "order.order",
        "pk": 40,
        "fields": {
            "unique_transaction_id": null,
            "razorpay_payment_id": null,
            "razorpay_order_id": null,
            "razorpay_signature": null,
            "created": "2024-02-08T12:13:04.870Z",
            "updated": "2024-02-08T12:25:04.422Z",
            "payable": "403.00",
            "order_id": "24020891F2A2",
            "is_ordered": true,
            "completed_at": null,
            "payment_method": "COD",
            "full_name": "Raheem",
            "address_line_1": "644 Cowley Drive",
            "address_line_2": "Ut magni vero id esse exercitation et aut anim libero excepteur est ex nisi obcaecati odio suscip",
            "state": "Reprehenderit error ut rerum in",
            "district": "Qui ut facilis quia est corrupti rem est laboriosam enim",
            "city": "Dolore voluptatibus occaecat sint eius itaque sunt debitis fuga Hic",
            "pin_code": 12,
            "mobile_no": "9112",
            "alternative_no": "9112",
            "email": "Raheem@mailinator.com",
            "subtotal": "378.00",
            "service_fee": "25.00",
            "shipping_fee": "0.00",
            "order_status": "Placed",
            "payment_status": "Pending"
        }
    },
    {
        "model": "order.order",
        "pk": 41,
        "fields": {
            "unique_transaction_id": null,
            "razorpay_payment_id": null,
            "razorpay_order_id": "order_Ni9iXODAd2HMMQ",
            "razorpay_signature": null,
            "created": "2024-03-04T05:02:55.046Z",
            "updated": "2024-03-07T07:18:53.495Z",
            "payable": "272.00",
            "order_id": "24030493432F",
            "is_ordered": false,
            "completed_at": null,
            "payment_method": "OP",
            "full_name": "Benjamin Reyes",
            "address_line_1": "875 Rocky New Court",
            "address_line_2": "Aut laborum cupiditate aut minim totam sed placeat aliquip officia officia consequuntur",
            "state": "Quo enim esse quia vel consequatur illum aut",
            "district": "Corrupti aute sunt pariatur Id corporis velit adipisci ad culpa laborum Recusandae Corrupti aperiam quam sed qui ducimus anim aut",
            "city": "Dolor reprehenderit fugiat sit quis reprehenderit delectus proident est accusantium blanditiis",
            "pin_code": 5,
            "mobile_no": "914",
            "alternative_no": "914",
            "email": "mimi@mailinator.com",
            "subtotal": "272.00",
            "service_fee": "0.00",
            "shipping_fee": "0.00",
            "order_status": "Cancelled",
            "payment_status": "Failed"
        }
    },
    {
        "model": "order.order",
        "pk": 42,
        "fields": {
            "unique_transaction_id": null,
            "razorpay_payment_id": null,
            "razorpay_order_id": "order_Nn0uzyqButoe1H",
            "razorpay_signature": null,
            "created": "2024-03-16T11:14:46.966Z",
            "updated": "2024-03-16T11:41:29.101Z",
            "payable": "272.00",
            "order_id": "240316C36709",
            "is_ordered": false,
            "completed_at": null,
            "payment_method": "OP",
            "full_name": "faayas",
            "address_line_1": "165 East Milton Lane",
            "address_line_2": "Fugiat et sit molestiae est magna consequatur",
            "state": "Voluptatem Omnis aut molestiae sed tempora odit nisi tempore ducimus est maxime ex aliquid sed",
            "district": "Nihil quaerat voluptas ea sunt nulla voluptatibus recusandae Hic labore maxime dolor sapiente illum",
            "city": "Nulla et id quia consequatur maiores perferendis omnis omnis laborum est",
            "pin_code": 858,
            "mobile_no": "9185",
            "alternative_no": "91858",
            "email": "kibale@mailinator.com",
            "subtotal": "272.00",
            "service_fee": "0.00",
            "shipping_fee": "0.00",
            "order_status": "Pending",
            "payment_status": "Pending"
        }
    },
    {
        "model": "order.orderitem",
        "pk": 3,
        "fields": {
            "order": 1,
            "product": 3,
            "price": "272.00",
            "quantity": 2,
            "image": "1"
        }
    },
    {
        "model": "order.orderitem",
        "pk": 7,
        "fields": {
            "order": 2,
            "product": 3,
            "price": "272.00",
            "quantity": 2,
            "image": "1"
        }
    },
    {
        "model": "order.orderitem",
        "pk": 11,
        "fields": {
            "order": 3,
            "product": 3,
            "price": "272.00",
            "quantity": 2,
            "image": "1"
        }
    },
    {
        "model": "order.orderitem",
        "pk": 19,
        "fields": {
            "order": 8,
            "product": 3,
            "price": "272.00",
            "quantity": 1,
            "image": "1"
        }
    },
    {
        "model": "order.orderitem",
        "pk": 20,
        "fields": {
            "order": 9,
            "product": 6,
            "price": "53.00",
            "quantity": 1,
            "image": "1"
        }
    },
    {
        "model": "order.orderitem",
        "pk": 21,
        "fields": {
            "order": 10,
            "product": 3,
            "price": "272.00",
            "quantity": 1,
            "image": "1"
        }
    },
    {
        "model": "order.orderitem",
        "pk": 23,
        "fields": {
            "order": 38,
            "product": 3,
            "price": "272.00",
            "quantity": 1,
            "image": "products/img/12_Qu7fQwe.jpg"
        }
    },
    {
        "model": "order.orderitem",
        "pk": 24,
        "fields": {
            "order": 39,
            "product": 3,
            "price": "272.00",
            "quantity": 1,
            "image": "products/img/12_Qu7fQwe.jpg"
        }
    },
    {
        "model": "order.orderitem",
        "pk": 26,
        "fields": {
            "order": 41,
            "product": 3,
            "price": "272.00",
            "quantity": 1,
            "image": "products/img/12_Qu7fQwe.jpg"
        }
    },
    {
        "model": "order.orderitem",
        "pk": 27,
        "fields": {
            "order": 42,
            "product": 3,
            "price": "272.00",
            "quantity": 1,
            "image": "products/img/12_Qu7fQwe.jpg"
        }
    },
    {
        "model": "products.brand",
        "pk": 1,
        "fields": {
            "title": "Vibco",
            "slug": "vibco"
        }
    },
    {
        "model": "products.maincategory",
        "pk": 1,
        "fields": {
            "title": "Sport",
            "slug": "sport"
        }
    },
    {
        "model": "products.category",
        "pk": 1,
        "fields": {
            "maincategory": 1,
            "name": "Cricket",
            "slug": "cricket",
            "icon": "fa-solid fa-baseball-bat-ball",
            "image": "Catrgory/img/11_y5ky0SB.jpg",
            "status": "Private"
        }
    },
    {
        "model": "products.category",
        "pk": 3,
        "fields": {
            "maincategory": 1,
            "name": "Badminton",
            "slug": "badminton",
            "icon": "fa-solid fa-table-tennis-paddle-ball",
            "image": "",
            "status": "Published"
        }
    },
    {
        "model": "products.category",
        "pk": 4,
        "fields": {
            "maincategory": 1,
            "name": "Bicycle",
            "slug": "bicycle",
            "icon": "fa-solid fa-person-biking",
            "image": "Catrgory/img/CRADIAC_-_Gunner_PRO.jpg",
            "status": "Published"
        }
    },
    {
        "model": "products.subcategory",
        "pk": 1,
        "fields": {
            "category": 1,
            "name": "Balls",
            "slug": "balls",
            "is_combo": false
        }
    },
    {
        "model": "products.subcategory",
        "pk": 2,
        "fields": {
            "category": 1,
            "name": "Bats",
            "slug": "bats",
            "is_combo": false
        }
    },
    {
        "model": "products.subcategory",
        "pk": 3,
        "fields": {
            "category": 4,
            "name": "Electric bikes",
            "slug": "electric-bikes",
            "is_combo": false
        }
    },
    {
        "model": "products.product",
        "pk": 1,
        "fields": {
            "subcategory": 1,
            "name": "Vibco Club 2Pc Leather Ball (White) Standard Size(Pack Of 1Ball), Cricket",
            "slug": "vibco-club-2pc-leather-ball-white-standard-sizepac",
            "display_name": "Vibco",
            "tag": null,
            "brand": 1,
            "details": "",
            "rating": 2,
            "image": "products/img/13_cusCs2a.jpg",
            "is_popular": false,
            "is_best_seller": true,
            "is_offer": true,
            "is_active": true,
            "meta_title": null,
            "meta_description": ""
        }
    },
    {
        "model": "products.product",
        "pk": 2,
        "fields": {
            "subcategory": 1,
            "name": "Tiago red Leather Ball 2 pcs (Pack of 1) Cricket Leather Ball Club",
            "slug": "tiago-red-leather-ball-2-pcs-pack-of-1-cricket-lea",
            "display_name": "Tiago",
            "tag": null,
            "brand": null,
            "details": "",
            "rating": 5,
            "image": "products/img/11_hc2uVUe.jpg",
            "is_popular": false,
            "is_best_seller": false,
            "is_offer": false,
            "is_active": true,
            "meta_title": null,
            "meta_description": ""
        }
    },
    {
        "model": "products.product",
        "pk": 3,
        "fields": {
            "subcategory": 2,
            "name": "DSC Synthetic Cricket Tennis Ball (Standard Size) Green",
            "slug": "dsc-synthetic-cricket-tennis-ball-standard-size-gr",
            "display_name": "DSC Store",
            "tag": null,
            "brand": null,
            "details": "",
            "rating": 5,
            "image": "products/img/12_Qu7fQwe.jpg",
            "is_popular": true,
            "is_best_seller": false,
            "is_offer": true,
            "is_active": true,
            "meta_title": null,
            "meta_description": ""
        }
    },
    {
        "model": "products.product",
        "pk": 5,
        "fields": {
            "subcategory": 1,
            "name": "Fayashh",
            "slug": "fayashh",
            "display_name": "Bicycleh",
            "tag": null,
            "brand": 1,
            "details": "",
            "rating": 5,
            "image": "products/img/15_sqt2Gnn.jpg",
            "is_popular": true,
            "is_best_seller": true,
            "is_offer": false,
            "is_active": true,
            "meta_title": "bestghgh",
            "meta_description": "f"
        }
    },
    {
        "model": "products.product",
        "pk": 6,
        "fields": {
            "subcategory": 3,
            "name": "EMotorad_T-REX_AIR_Unisex_Electric",
            "slug": "emotorad-t-rex-air-unisex-electric",
            "display_name": "Electric Bike",
            "tag": null,
            "brand": 1,
            "details": "",
            "rating": 2,
            "image": "products/img/EMotorad_T-REX_AIR_Unisex_Electric_kvZlu13.jpg",
            "is_popular": true,
            "is_best_seller": true,
            "is_offer": false,
            "is_active": false,
            "meta_title": "best",
            "meta_description": "best"
        }
    },
    {
        "model": "products.productimage",
        "pk": 3,
        "fields": {
            "product": 5,
            "image": "products/15_aN3eE0e.jpg"
        }
    },
    {
        "model": "products.productimage",
        "pk": 4,
        "fields": {
            "product": 5,
            "image": "products/15_f3inZ39.jpg"
        }
    },
    {
        "model": "products.productimage",
        "pk": 10,
        "fields": {
            "product": 1,
            "image": "products/61JwrRHs6FL._SX569_.jpg"
        }
    },
    {
        "model": "products.productimage",
        "pk": 11,
        "fields": {
            "product": 2,
            "image": "products/20_8ao20VR.jpg"
        }
    },
    {
        "model": "products.productimage",
        "pk": 12,
        "fields": {
            "product": 2,
            "image": "products/14_0uhDLPy.jpg"
        }
    },
    {
        "model": "products.availablesize",
        "pk": 1,
        "fields": {
            "product": 1,
            "unit": "34x14",
            "sale_price": "235.00",
            "regular_price": "399.00",
            "barcode": null,
            "is_stock": true
        }
    },
    {
        "model": "products.availablesize",
        "pk": 2,
        "fields": {
            "product": 2,
            "unit": "34x14",
            "sale_price": "378.00",
            "regular_price": "999.00",
            "barcode": null,
            "is_stock": true
        }
    },
    {
        "model": "products.availablesize",
        "pk": 3,
        "fields": {
            "product": 3,
            "unit": "16x14",
            "sale_price": "272.00",
            "regular_price": "278.00",
            "barcode": null,
            "is_stock": true
        }
    },
    {
        "model": "products.availablesize",
        "pk": 4,
        "fields": {
            "product": 1,
            "unit": "42x14",
            "sale_price": "236.00",
            "regular_price": "400.00",
            "barcode": null,
            "is_stock": true
        }
    },
    {
        "model": "products.availablesize",
        "pk": 6,
        "fields": {
            "product": 5,
            "unit": "34x14",
            "sale_price": "53.00",
            "regular_price": "5.00",
            "barcode": null,
            "is_stock": true
        }
    },
    {
        "model": "products.availablesize",
        "pk": 7,
        "fields": {
            "product": 6,
            "unit": "34x14",
            "sale_price": "25000.00",
            "regular_price": "30000.00",
            "barcode": null,
            "is_stock": true
        }
    },
    {
        "model": "products.availablesize",
        "pk": 10,
        "fields": {
            "product": 1,
            "unit": "16x14",
            "sale_price": "200.00",
            "regular_price": "300.00",
            "barcode": null,
            "is_stock": false
        }
    },
    {
        "model": "products.review",
        "pk": 1,
        "fields": {
            "product": 1,
            "rating": 5,
            "fullname": "fayas",
            "user": 1,
            "headline": "kljko",
            "content": "sdcs",
            "created_at": "2024-02-01T09:40:12.250Z",
            "approval": true
        }
    }
]